Run_ID,Status,Cover_Density,Avg_Effectiveness,Distribution_Evenness,Clustering_Score,Type_Ratio,Sightline_Exposure,Symmetry_Delta,Navigable_Area,Chokepoint_Centrality
1,PASSED,0.063,0.791,0.664,0.478,0.848,0.503,4.458,0.708,0.310
2,PASSED,0.050,0.727,0.610,0.488,0.698,0.617,12.875,0.741,0.210
3,REJECTED,0.082,0.650,0.678,0.754,0.754,0.269,31.184,0.549,0.720
4,REJECTED,0.073,0.584,0.687,0.759,0.611,0.306,18.906,0.574,0.560
5,REJECTED,0.076,0.734,0.635,0.543,0.783,0.414,15.219,0.661,0.240
6,REJECTED,0.054,0.712,0.600,0.628,0.698,0.621,21.346,0.731,0.160
7,REJECTED,0.055,0.616,0.750,0.830,0.679,0.409,20.313,0.643,0.296
8,REJECTED,0.078,0.664,0.675,0.836,0.745,0.354,30.247,0.588,0.340
9,PASSED,0.053,0.677,0.636,0.717,0.811,0.330,11.021,0.616,0.340
10,REJECTED,0.059,0.650,0.722,0.692,0.750,0.361,35.387,0.614,0.505
11,PASSED,0.067,0.661,0.730,0.764,0.836,0.329,13.385,0.593,0.600
12,REJECTED,0.062,0.733,0.658,0.717,0.739,0.553,26.187,0.704,0.230
13,PASSED,0.066,0.643,0.711,0.700,0.760,0.320,12.006,0.607,0.621
14,REJECTED,0.064,0.692,0.625,0.542,0.708,0.400,25.808,0.641,0.540
15,PASSED,0.055,0.708,0.612,0.792,0.729,0.399,0.977,0.660,0.390
16,PASSED,0.061,0.664,0.671,0.759,0.722,0.405,7.981,0.630,0.322
17,PASSED,0.059,0.673,0.657,0.422,0.644,0.465,14.839,0.675,0.240
18,REJECTED,0.062,0.727,0.649,0.708,0.792,0.437,32.550,0.675,0.310
19,REJECTED,0.074,0.679,0.655,0.750,0.750,0.367,20.621,0.611,0.440
20,PASSED,0.064,0.741,0.704,0.533,0.711,0.466,12.341,0.676,0.200
21,REJECTED,0.066,0.664,0.720,0.660,0.680,0.416,30.407,0.633,0.340
22,REJECTED,0.055,0.612,0.632,0.774,0.623,0.271,1.233,0.566,0.450
23,REJECTED,0.074,0.632,0.585,0.796,0.722,0.326,25.289,0.598,0.465
24,PASSED,0.062,0.626,0.630,0.720,0.680,0.307,13.106,0.590,0.310
25,PASSED,0.069,0.685,0.607,0.654,0.788,0.309,6.673,0.602,0.340
26,REJECTED,0.051,0.700,0.694,0.542,0.708,0.438,18.884,0.679,0.290
27,REJECTED,0.068,0.594,0.779,0.898,0.627,0.317,21.764,0.566,0.290
28,REJECTED,0.048,0.748,0.683,0.500,0.643,0.603,28.608,0.730,0.290
29,REJECTED,0.067,0.734,0.720,0.617,0.809,0.454,24.470,0.681,0.230
30,PASSED,0.071,0.660,0.665,0.780,0.660,0.416,8.363,0.634,0.240
31,PASSED,0.069,0.718,0.664,0.674,0.717,0.431,0.454,0.655,0.220
32,REJECTED,0.066,0.606,0.648,0.632,0.649,0.336,22.327,0.582,0.959
33,PASSED,0.052,0.710,0.590,0.804,0.761,0.497,10.125,0.698,0.440
34,REJECTED,0.061,0.672,0.647,0.706,0.725,0.390,23.480,0.637,0.408
35,PASSED,0.062,0.683,0.710,0.521,0.688,0.439,8.750,0.667,0.440
36,REJECTED,0.067,0.678,0.641,0.837,0.694,0.386,22.995,0.613,0.520
37,REJECTED,0.064,0.670,0.710,0.521,0.625,0.527,16.283,0.671,0.250
38,PASSED,0.056,0.649,0.594,0.667,0.571,0.641,1.914,0.722,0.230
39,REJECTED,0.050,0.736,0.672,0.674,0.674,0.600,30.605,0.732,0.180
40,PASSED,0.053,0.670,0.594,0.643,0.548,0.586,6.740,0.715,0.320
41,REJECTED,0.076,0.668,0.681,0.692,0.827,0.296,25.991,0.581,0.360
42,PASSED,0.062,0.736,0.674,0.667,0.690,0.520,4.439,0.710,0.390
43,REJECTED,0.071,0.655,0.687,0.827,0.712,0.318,21.000,0.588,0.440
44,PASSED,0.067,0.575,0.600,0.667,0.608,0.311,8.642,0.577,0.370
45,PASSED,0.048,0.727,0.686,0.745,0.723,0.452,0.058,0.684,0.340
46,PASSED,0.064,0.703,0.711,0.560,0.760,0.432,4.562,0.657,0.230
47,PASSED,0.064,0.633,0.691,0.863,0.627,0.389,0.934,0.632,0.385
48,REJECTED,0.056,0.702,0.621,0.614,0.750,0.501,38.683,0.692,0.410
49,REJECTED,0.061,0.717,0.678,0.674,0.696,0.505,44.057,0.681,0.220
50,REJECTED,0.064,0.651,0.673,0.813,0.708,0.415,19.890,0.651,0.460
51,REJECTED,0.061,0.747,0.703,0.476,0.667,0.548,24.644,0.714,0.210
52,PASSED,0.054,0.776,0.657,0.767,0.721,0.560,6.731,0.718,0.390
53,REJECTED,0.057,0.777,0.563,0.667,0.889,0.490,37.997,0.702,0.290
54,REJECTED,0.075,0.749,0.637,0.694,0.816,0.380,41.193,0.642,0.390
55,REJECTED,0.048,0.697,0.644,0.581,0.605,0.628,31.798,0.728,0.380
56,PASSED,0.067,0.724,0.644,0.364,0.727,0.431,14.884,0.676,0.280
57,REJECTED,0.065,0.587,0.627,0.807,0.719,0.323,16.229,0.593,0.636
58,PASSED,0.082,0.628,0.719,0.696,0.643,0.317,13.717,0.567,0.320
59,PASSED,0.061,0.725,0.644,0.625,0.813,0.382,1.225,0.654,0.280
60,REJECTED,0.069,0.667,0.620,0.543,0.630,0.456,19.391,0.662,0.190
61,PASSED,0.067,0.748,0.712,0.500,0.717,0.428,6.487,0.658,0.330
62,REJECTED,0.063,0.596,0.652,0.685,0.648,0.293,35.853,0.581,0.200
63,PASSED,0.056,0.698,0.664,0.591,0.636,0.557,12.693,0.712,0.340
64,REJECTED,0.063,0.687,0.719,0.571,0.694,0.447,24.132,0.662,0.360
65,PASSED,0.061,0.698,0.704,0.600,0.667,0.512,1.884,0.689,0.280
66,PASSED,0.068,0.622,0.684,0.554,0.679,0.338,6.810,0.582,0.400
67,PASSED,0.062,0.727,0.702,0.696,0.739,0.468,0.003,0.681,0.220
68,PASSED,0.070,0.671,0.696,0.698,0.755,0.355,9.267,0.622,0.400
69,REJECTED,0.057,0.639,0.679,0.804,0.627,0.375,36.782,0.615,0.370
70,PASSED,0.073,0.631,0.614,0.654,0.654,0.342,10.968,0.595,0.600
71,REJECTED,0.047,0.674,0.648,0.596,0.660,0.502,15.240,0.678,0.360
72,REJECTED,0.059,0.674,0.721,0.543,0.609,0.496,17.915,0.676,0.400
73,REJECTED,0.061,0.694,0.704,0.600,0.667,0.469,21.400,0.674,0.360
74,REJECTED,0.080,0.646,0.698,0.754,0.737,0.271,6.355,0.553,0.370
75,REJECTED,0.061,0.696,0.653,0.723,0.702,0.491,26.991,0.680,0.270
76,REJECTED,0.048,0.696,0.557,0.524,0.667,0.588,25.682,0.729,0.350
77,PASSED,0.063,0.639,0.657,0.551,0.612,0.346,10.144,0.608,0.480
78,REJECTED,0.061,0.687,0.664,0.543,0.696,0.418,25.700,0.644,0.430
79,PASSED,0.073,0.643,0.646,0.592,0.633,0.361,12.624,0.614,0.640
80,REJECTED,0.067,0.723,0.710,0.809,0.723,0.443,17.448,0.670,0.240
81,PASSED,0.070,0.677,0.750,0.868,0.774,0.380,9.201,0.621,0.360
82,REJECTED,0.056,0.618,0.618,0.660,0.640,0.409,32.198,0.639,0.341
83,REJECTED,0.051,0.695,0.575,0.488,0.651,0.531,16.876,0.705,0.267
84,PASSED,0.055,0.732,0.671,0.568,0.773,0.446,14.024,0.682,0.390
85,REJECTED,0.057,0.710,0.671,0.717,0.761,0.506,20.375,0.699,0.240
86,PASSED,0.060,0.668,0.667,0.667,0.708,0.474,2.418,0.672,0.361
87,PASSED,0.068,0.643,0.688,0.633,0.653,0.397,10.309,0.620,0.570
88,PASSED,0.058,0.674,0.605,0.628,0.558,0.619,9.923,0.707,0.210
89,REJECTED,0.070,0.700,0.681,0.612,0.735,0.317,21.120,0.599,0.720
90,REJECTED,0.066,0.647,0.620,0.442,0.581,0.507,18.229,0.674,0.460
91,REJECTED,0.048,0.661,0.710,0.547,0.774,0.331,39.602,0.621,0.360
92,REJECTED,0.077,0.646,0.679,0.804,0.661,0.328,41.945,0.579,0.330
93,REJECTED,0.068,0.753,0.748,0.533,0.711,0.514,25.865,0.703,0.250
94,PASSED,0.061,0.708,0.595,0.721,0.698,0.485,4.845,0.686,0.230
95,REJECTED,0.056,0.724,0.664,0.659,0.636,0.563,26.438,0.712,0.410
96,PASSED,0.058,0.644,0.719,0.542,0.542,0.488,14.796,0.668,0.530
97,REJECTED,0.077,0.638,0.770,0.647,0.686,0.354,32.401,0.604,0.400
98,PASSED,0.062,0.775,0.668,0.732,0.780,0.562,5.791,0.729,0.300
99,REJECTED,0.059,0.667,0.671,0.740,0.640,0.442,15.005,0.648,0.200
100,REJECTED,0.066,0.719,0.671,0.409,0.682,0.546,17.329,0.702,0.340
101,REJECTED,0.064,0.650,0.684,0.849,0.679,0.363,20.923,0.620,0.392
102,REJECTED,0.075,0.670,0.719,0.722,0.704,0.362,19.102,0.616,0.485
103,REJECTED,0.082,0.630,0.636,0.545,0.691,0.299,7.693,0.571,0.330
104,PASSED,0.057,0.711,0.644,0.705,0.614,0.567,0.854,0.710,0.540
105,PASSED,0.060,0.678,0.640,0.630,0.652,0.464,9.533,0.664,1.060
106,REJECTED,0.057,0.702,0.666,0.571,0.619,0.609,24.068,0.725,0.212
107,REJECTED,0.071,0.700,0.696,0.679,0.717,0.367,21.573,0.605,0.320
108,REJECTED,0.059,0.662,0.710,0.426,0.532,0.508,27.647,0.666,0.300
109,PASSED,0.075,0.624,0.685,0.818,0.709,0.339,4.566,0.590,0.474
110,PASSED,0.064,0.679,0.668,0.571,0.735,0.411,4.480,0.638,0.400
111,PASSED,0.058,0.699,0.616,0.727,0.659,0.569,8.067,0.716,0.240
112,PASSED,0.062,0.669,0.704,0.760,0.680,0.405,8.025,0.633,0.530
113,PASSED,0.056,0.760,0.595,0.667,0.756,0.477,7.373,0.693,0.200
114,PASSED,0.068,0.719,0.621,0.705,0.614,0.549,12.932,0.696,0.220
115,REJECTED,0.071,0.736,0.679,0.545,0.750,0.531,24.257,0.701,0.450
116,REJECTED,0.075,0.664,0.749,0.696,0.732,0.300,14.286,0.571,0.320
117,PASSED,0.062,0.710,0.658,0.452,0.595,0.621,1.218,0.718,0.160
118,PASSED,0.057,0.719,0.686,0.630,0.761,0.509,12.003,0.702,0.220
119,REJECTED,0.056,0.641,0.620,0.744,0.535,0.639,15.404,0.722,0.230
120,PASSED,0.054,0.688,0.646,0.609,0.696,0.490,3.062,0.685,0.170
121,PASSED,0.066,0.606,0.644,0.702,0.632,0.362,3.375,0.587,0.450
122,REJECTED,0.073,0.606,0.723,0.825,0.684,0.304,19.918,0.560,0.610
123,REJECTED,0.063,0.691,0.797,0.638,0.702,0.450,20.707,0.659,0.390
124,REJECTED,0.057,0.674,0.604,0.750,0.729,0.396,17.247,0.637,0.280
125,REJECTED,0.058,0.679,0.627,0.755,0.694,0.411,22.795,0.646,0.310
126,PASSED,0.057,0.700,0.724,0.556,0.622,0.464,5.145,0.679,0.250
127,PASSED,0.051,0.624,0.621,0.868,0.604,0.335,12.820,0.614,0.250
128,REJECTED,0.069,0.638,0.727,0.593,0.685,0.358,42.573,0.601,0.560
129,REJECTED,0.063,0.690,0.702,0.750,0.646,0.470,23.167,0.666,0.340
130,REJECTED,0.062,0.600,0.673,0.736,0.585,0.464,17.784,0.634,0.340
131,REJECTED,0.059,0.652,0.634,0.708,0.646,0.404,20.322,0.640,0.240
132,PASSED,0.061,0.714,0.702,0.761,0.696,0.554,2.835,0.708,0.290
133,PASSED,0.058,0.664,0.600,0.583,0.771,0.310,0.661,0.610,0.398
134,REJECTED,0.074,0.726,0.694,0.674,0.783,0.426,16.263,0.653,0.420
135,PASSED,0.062,0.650,0.600,0.816,0.653,0.411,14.422,0.639,0.500
136,REJECTED,0.066,0.612,0.617,0.686,0.627,0.346,26.363,0.597,0.320
137,PASSED,0.057,0.654,0.696,0.620,0.620,0.397,6.236,0.632,0.400
138,REJECTED,0.063,0.661,0.694,0.646,0.667,0.390,19.108,0.639,0.530
139,REJECTED,0.064,0.687,0.663,0.633,0.735,0.437,47.533,0.656,0.340
140,REJECTED,0.075,0.684,0.638,0.588,0.784,0.287,2.193,0.584,0.530
141,PASSED,0.065,0.697,0.710,0.583,0.750,0.406,11.236,0.646,0.320
142,PASSED,0.063,0.666,0.673,0.542,0.646,0.493,11.264,0.677,0.310
143,PASSED,0.054,0.684,0.650,0.419,0.628,0.500,12.447,0.688,0.200
144,PASSED,0.056,0.660,0.614,0.680,0.720,0.319,3.077,0.602,0.440
145,REJECTED,0.058,0.682,0.626,0.840,0.720,0.342,16.917,0.624,0.256
146,REJECTED,0.066,0.652,0.681,0.827,0.731,0.397,48.214,0.631,0.394
147,PASSED,0.059,0.647,0.628,0.868,0.698,0.378,12.163,0.625,0.280
148,PASSED,0.070,0.574,0.656,0.929,0.625,0.331,0.138,0.582,0.310
149,PASSED,0.061,0.699,0.657,0.591,0.727,0.380,6.669,0.648,0.230
150,PASSED,0.065,0.708,0.644,0.581,0.605,0.539,2.610,0.700,0.280
151,PASSED,0.062,0.698,0.650,0.591,0.659,0.477,7.752,0.671,0.260
152,REJECTED,0.061,0.673,0.632,0.878,0.673,0.444,34.073,0.663,0.700
153,REJECTED,0.082,0.673,0.721,0.529,0.765,0.275,6.574,0.569,0.320
154,REJECTED,0.051,0.677,0.657,0.628,0.558,0.625,15.270,0.727,0.162
155,PASSED,0.074,0.676,0.687,0.750,0.729,0.346,4.392,0.617,0.330
156,PASSED,0.071,0.704,0.710,0.813,0.750,0.416,10.446,0.657,0.270
157,REJECTED,0.065,0.700,0.654,0.640,0.780,0.390,31.691,0.647,0.280
158,PASSED,0.059,0.664,0.749,0.673,0.612,0.493,14.705,0.663,0.360
159,REJECTED,0.061,0.616,0.639,0.750,0.667,0.293,15.937,0.605,0.760
160,REJECTED,0.056,0.691,0.614,0.868,0.811,0.313,17.462,0.601,0.310
161,REJECTED,0.060,0.704,0.693,0.476,0.619,0.601,28.976,0.719,0.180
162,REJECTED,0.069,0.671,0.713,0.467,0.600,0.539,23.406,0.681,0.270
163,REJECTED,0.059,0.697,0.657,0.653,0.755,0.336,31.829,0.620,0.273
164,PASSED,0.057,0.673,0.657,0.535,0.581,0.617,12.267,0.724,0.200
165,REJECTED,0.055,0.714,0.735,0.489,0.711,0.583,32.405,0.717,0.220
166,PASSED,0.049,0.738,0.709,0.767,0.651,0.603,9.081,0.733,0.430
167,REJECTED,0.074,0.683,0.637,0.788,0.750,0.395,15.775,0.623,0.290
168,PASSED,0.057,0.655,0.702,0.667,0.729,0.354,9.762,0.631,0.270
169,PASSED,0.070,0.681,0.675,0.673,0.673,0.389,11.844,0.625,0.590
170,REJECTED,0.065,0.683,0.680,0.771,0.813,0.295,9.959,0.602,0.320
171,REJECTED,0.070,0.580,0.613,0.672,0.793,0.268,27.748,0.560,0.494
172,PASSED,0.052,0.690,0.610,0.698,0.698,0.467,13.133,0.689,0.235
173,REJECTED,0.058,0.688,0.653,0.723,0.660,0.391,27.934,0.644,0.290
174,PASSED,0.064,0.689,0.563,0.681,0.681,0.447,9.315,0.665,0.290
175,REJECTED,0.072,0.601,0.685,0.745,0.618,0.290,23.936,0.568,0.469
176,REJECTED,0.070,0.719,0.637,0.723,0.681,0.460,25.412,0.662,0.710
177,REJECTED,0.063,0.677,0.671,0.740,0.720,0.436,20.876,0.644,0.340
178,PASSED,0.054,0.714,0.686,0.761,0.717,0.506,9.816,0.699,0.240
179,REJECTED,0.069,0.643,0.623,0.857,0.694,0.418,28.909,0.637,0.470
180,PASSED,0.061,0.633,0.685,0.727,0.673,0.307,4.101,0.583,0.340
181,REJECTED,0.073,0.651,0.669,0.804,0.804,0.289,2.850,0.583,0.360
182,PASSED,0.061,0.655,0.691,0.706,0.725,0.372,9.255,0.632,0.330
183,PASSED,0.058,0.738,0.638,0.455,0.727,0.586,14.483,0.721,0.470
184,REJECTED,0.063,0.700,0.702,0.489,0.702,0.472,33.160,0.668,0.390
185,REJECTED,0.053,0.654,0.698,0.784,0.706,0.335,26.128,0.617,0.420
186,PASSED,0.062,0.768,0.665,0.512,0.744,0.492,0.688,0.705,0.330
187,REJECTED,0.064,0.642,0.647,0.725,0.627,0.432,19.180,0.642,0.370
188,PASSED,0.057,0.639,0.662,0.843,0.706,0.426,14.606,0.645,0.620
189,PASSED,0.060,0.749,0.567,0.581,0.744,0.541,13.633,0.714,0.270
190,PASSED,0.069,0.738,0.694,0.667,0.750,0.431,2.106,0.661,0.360
191,PASSED,0.061,0.663,0.614,0.673,0.769,0.331,14.182,0.605,0.700
192,REJECTED,0.071,0.696,0.667,0.646,0.688,0.397,19.019,0.632,0.310
193,REJECTED,0.077,0.650,0.671,0.815,0.704,0.252,34.901,0.553,0.310
194,REJECTED,0.073,0.645,0.693,0.722,0.759,0.271,21.660,0.580,0.700
195,REJECTED,0.055,0.687,0.741,0.702,0.596,0.512,26.065,0.684,0.680
196,REJECTED,0.055,0.577,0.648,0.617,0.447,0.555,29.061,0.674,0.260
197,REJECTED,0.065,0.606,0.719,0.531,0.633,0.357,15.484,0.618,0.210
198,REJECTED,0.066,0.671,0.688,0.816,0.673,0.368,31.672,0.625,0.260
199,REJECTED,0.056,0.681,0.613,0.444,0.667,0.516,17.649,0.698,0.320
200,REJECTED,0.066,0.667,0.686,0.522,0.674,0.454,20.878,0.663,0.330
201,REJECTED,0.055,0.726,0.640,0.587,0.739,0.513,17.283,0.703,0.320
202,REJECTED,0.053,0.790,0.665,0.744,0.814,0.479,27.293,0.699,0.260
203,REJECTED,0.063,0.590,0.644,0.673,0.673,0.301,36.506,0.581,0.540
204,REJECTED,0.062,0.652,0.711,0.720,0.740,0.353,29.139,0.631,1.580
205,PASSED,0.065,0.706,0.635,0.565,0.761,0.390,10.773,0.650,0.522
206,REJECTED,0.074,0.693,0.707,0.596,0.827,0.334,17.658,0.611,0.470
207,PASSED,0.064,0.554,0.652,0.764,0.582,0.366,0.053,0.596,0.450
208,PASSED,0.057,0.661,0.671,0.640,0.700,0.431,3.903,0.654,0.270
209,PASSED,0.059,0.571,0.632,0.717,0.623,0.311,1.261,0.583,0.530
210,REJECTED,0.073,0.680,0.642,0.725,0.706,0.375,16.125,0.623,0.420
211,PASSED,0.065,0.591,0.662,0.667,0.608,0.338,10.225,0.583,0.350
212,REJECTED,0.062,0.666,0.632,0.735,0.714,0.375,24.649,0.633,0.250
213,REJECTED,0.066,0.675,0.681,0.653,0.735,0.385,19.954,0.623,0.330
214,REJECTED,0.068,0.639,0.667,0.569,0.627,0.324,20.119,0.597,0.480
215,PASSED,0.055,0.667,0.652,0.735,0.673,0.437,9.731,0.651,0.460
216,PASSED,0.063,0.706,0.657,0.558,0.674,0.566,14.153,0.715,0.260
217,PASSED,0.053,0.696,0.674,0.524,0.619,0.610,4.504,0.731,0.260
218,PASSED,0.070,0.616,0.663,0.698,0.623,0.368,2.410,0.599,0.375
219,PASSED,0.051,0.690,0.678,0.533,0.711,0.482,4.865,0.691,0.330
220,PASSED,0.067,0.572,0.612,0.727,0.618,0.343,11.533,0.597,0.770
221,REJECTED,0.068,0.755,0.649,0.833,0.813,0.447,21.493,0.673,0.220
222,PASSED,0.060,0.759,0.626,0.605,0.721,0.475,5.019,0.679,0.200
223,PASSED,0.073,0.666,0.753,0.702,0.754,0.396,4.600,0.624,0.310
224,REJECTED,0.055,0.664,0.722,0.731,0.750,0.338,37.832,0.615,0.790
225,PASSED,0.065,0.713,0.739,0.542,0.750,0.468,8.372,0.672,0.300
226,REJECTED,0.063,0.694,0.749,0.735,0.755,0.363,40.215,0.631,0.410
227,PASSED,0.070,0.678,0.665,0.840,0.760,0.334,5.071,0.614,0.860
228,PASSED,0.070,0.692,0.664,0.511,0.644,0.565,0.761,0.693,0.230
229,REJECTED,0.076,0.686,0.650,0.615,0.769,0.303,16.216,0.594,0.520
230,REJECTED,0.059,0.707,0.665,0.651,0.605,0.638,29.536,0.725,0.310
231,PASSED,0.070,0.705,0.702,0.673,0.755,0.416,10.249,0.646,0.300
232,PASSED,0.074,0.568,0.718,0.864,0.695,0.336,7.840,0.572,0.330
233,REJECTED,0.070,0.651,0.682,0.883,0.783,0.274,16.291,0.572,0.283
234,REJECTED,0.063,0.694,0.603,0.800,0.720,0.456,34.637,0.672,0.398
235,REJECTED,0.064,0.717,0.719,0.750,0.688,0.362,16.209,0.623,0.290
236,REJECTED,0.077,0.630,0.644,0.727,0.727,0.280,21.140,0.555,0.622
237,REJECTED,0.054,0.685,0.657,0.600,0.578,0.606,17.928,0.718,0.460
238,REJECTED,0.068,0.673,0.650,0.682,0.614,0.437,19.274,0.664,0.330
239,PASSED,0.059,0.703,0.689,0.800,0.700,0.396,6.443,0.645,0.250
240,REJECTED,0.069,0.741,0.730,0.553,0.745,0.475,19.379,0.677,0.330
241,PASSED,0.080,0.663,0.681,0.712,0.712,0.326,14.389,0.581,0.280
242,REJECTED,0.053,0.688,0.657,0.705,0.614,0.619,23.705,0.723,0.270
243,PASSED,0.066,0.574,0.732,0.736,0.547,0.350,1.544,0.594,0.420
244,PASSED,0.058,0.694,0.699,0.512,0.628,0.571,4.553,0.708,0.460
245,PASSED,0.054,0.684,0.704,0.644,0.600,0.530,12.482,0.687,0.330
246,REJECTED,0.053,0.676,0.703,0.452,0.548,0.616,38.683,0.718,0.260
247,REJECTED,0.061,0.706,0.633,0.844,0.667,0.553,26.678,0.706,0.290
248,REJECTED,0.072,0.647,0.636,0.796,0.722,0.296,0.110,0.576,0.268
249,REJECTED,0.061,0.659,0.625,0.833,0.646,0.436,23.336,0.655,0.660
250,PASSED,0.062,0.749,0.664,0.636,0.773,0.428,9.251,0.673,0.260
251,PASSED,0.061,0.723,0.657,0.667,0.733,0.545,1.140,0.714,0.229
252,REJECTED,0.073,0.628,0.656,0.821,0.679,0.304,27.651,0.581,0.384
253,PASSED,0.061,0.684,0.605,0.766,0.702,0.463,1.553,0.674,0.410
254,PASSED,0.059,0.697,0.644,0.705,0.636,0.531,13.510,0.689,0.210
255,REJECTED,0.069,0.616,0.716,0.721,0.770,0.276,8.374,0.558,0.470
256,PASSED,0.044,0.694,0.628,0.778,0.733,0.495,9.472,0.711,0.340
257,REJECTED,0.060,0.692,0.621,0.636,0.659,0.611,17.910,0.725,0.180
258,REJECTED,0.058,0.638,0.713,0.765,0.608,0.430,17.545,0.639,0.269
259,REJECTED,0.069,0.712,0.797,0.615,0.769,0.395,36.306,0.626,0.510
260,REJECTED,0.064,0.537,0.656,0.782,0.582,0.292,8.772,0.564,0.380
261,PASSED,0.062,0.781,0.664,0.667,0.867,0.416,2.137,0.686,0.330
262,PASSED,0.069,0.642,0.757,0.741,0.828,0.302,10.344,0.588,0.390
263,REJECTED,0.064,0.582,0.693,0.719,0.684,0.311,24.936,0.580,0.530
264,PASSED,0.064,0.699,0.627,0.617,0.681,0.436,5.357,0.667,0.260
265,REJECTED,0.081,0.638,0.614,0.745,0.647,0.382,26.417,0.615,0.268
266,PASSED,0.063,0.632,0.719,0.667,0.667,0.349,1.596,0.588,0.570
267,REJECTED,0.055,0.744,0.672,0.605,0.744,0.576,28.177,0.724,0.320
268,PASSED,0.079,0.707,0.712,0.630,0.674,0.446,13.064,0.655,0.240
269,REJECTED,0.059,0.693,0.639,0.771,0.729,0.469,22.137,0.673,0.460
270,REJECTED,0.066,0.604,0.671,0.520,0.540,0.449,34.413,0.630,0.309
271,PASSED,0.071,0.592,0.664,0.750,0.607,0.375,7.706,0.600,0.460
272,REJECTED,0.059,0.637,0.583,0.543,0.609,0.516,29.444,0.669,0.310
273,REJECTED,0.050,0.713,0.631,0.595,0.571,0.614,15.983,0.722,0.220
274,PASSED,0.064,0.641,0.689,0.732,0.679,0.309,3.117,0.584,0.460
275,PASSED,0.072,0.710,0.724,0.585,0.830,0.309,9.772,0.595,0.460
276,PASSED,0.055,0.687,0.602,0.636,0.705,0.469,2.560,0.691,0.220
277,PASSED,0.056,0.668,0.649,0.800,0.640,0.384,10.162,0.631,0.340
278,PASSED,0.062,0.606,0.640,0.750,0.732,0.318,3.288,0.581,0.320
279,REJECTED,0.078,0.704,0.683,0.740,0.720,0.329,25.536,0.611,0.260
280,PASSED,0.068,0.610,0.696,0.782,0.673,0.357,13.859,0.598,0.510
281,REJECTED,0.062,0.715,0.665,0.442,0.628,0.564,23.250,0.711,0.310
282,PASSED,0.065,0.729,0.630,0.304,0.783,0.469,7.463,0.682,0.495
283,REJECTED,0.053,0.630,0.704,0.556,0.467,0.601,17.489,0.705,0.380
284,REJECTED,0.066,0.651,0.720,0.560,0.680,0.434,19.586,0.642,0.420
285,PASSED,0.072,0.666,0.652,0.694,0.673,0.486,14.958,0.665,0.360
286,REJECTED,0.069,0.676,0.670,0.764,0.764,0.381,28.688,0.609,0.360
287,PASSED,0.068,0.659,0.617,0.824,0.725,0.345,7.775,0.609,0.300
288,PASSED,0.057,0.673,0.681,0.808,0.731,0.377,1.023,0.617,0.310
289,PASSED,0.075,0.615,0.715,0.891,0.636,0.353,10.968,0.583,0.280
290,PASSED,0.053,0.667,0.658,0.696,0.587,0.495,10.802,0.677,0.440
291,PASSED,0.053,0.708,0.620,0.674,0.652,0.505,5.916,0.689,0.300
292,REJECTED,0.056,0.630,0.702,0.638,0.660,0.384,15.881,0.637,0.420
293,PASSED,0.060,0.763,0.644,0.488,0.744,0.568,12.052,0.721,0.250
294,PASSED,0.062,0.637,0.625,0.609,0.565,0.475,5.632,0.666,0.300
295,REJECTED,0.074,0.628,0.656,0.673,0.691,0.312,18.809,0.567,0.380
296,REJECTED,0.054,0.631,0.613,0.667,0.578,0.493,25.337,0.680,0.350
297,PASSED,0.051,0.725,0.578,0.512,0.651,0.581,14.519,0.720,0.360
298,PASSED,0.063,0.720,0.730,0.596,0.723,0.467,0.391,0.669,0.170
299,REJECTED,0.062,0.667,0.576,0.711,0.689,0.386,27.144,0.646,0.490
300,PASSED,0.059,0.679,0.610,0.349,0.581,0.601,13.052,0.715,0.180
301,REJECTED,0.071,0.634,0.675,0.551,0.551,0.499,21.724,0.655,0.450
302,PASSED,0.069,0.573,0.600,0.942,0.692,0.371,5.470,0.610,0.820
303,REJECTED,0.064,0.686,0.625,0.750,0.688,0.483,22.328,0.672,0.330
304,PASSED,0.069,0.659,0.719,0.792,0.604,0.479,8.398,0.654,0.250
305,PASSED,0.069,0.692,0.659,0.638,0.745,0.403,14.763,0.645,0.190
306,PASSED,0.078,0.649,0.642,0.725,0.725,0.320,10.042,0.592,0.350
307,PASSED,0.067,0.644,0.685,0.636,0.709,0.340,8.445,0.598,0.360
308,REJECTED,0.064,0.672,0.661,0.646,0.625,0.470,39.393,0.664,0.350
309,REJECTED,0.062,0.661,0.603,0.918,0.653,0.501,45.884,0.673,0.222
310,REJECTED,0.059,0.677,0.655,0.792,0.729,0.432,24.975,0.663,0.306
311,PASSED,0.059,0.726,0.693,0.571,0.667,0.552,7.697,0.721,0.210
312,REJECTED,0.068,0.667,0.637,0.694,0.735,0.300,31.633,0.595,0.500
313,PASSED,0.044,0.687,0.602,0.561,0.512,0.679,8.160,0.740,0.290
314,PASSED,0.058,0.678,0.690,0.811,0.792,0.355,8.876,0.635,0.630
315,REJECTED,0.054,0.735,0.602,0.682,0.750,0.468,33.424,0.683,0.280
316,PASSED,0.061,0.705,0.665,0.617,0.723,0.370,0.674,0.641,0.330
317,REJECTED,0.068,0.659,0.636,0.698,0.679,0.401,21.003,0.617,0.560
318,REJECTED,0.080,0.630,0.645,0.755,0.736,0.279,1.832,0.560,0.390
319,REJECTED,0.069,0.608,0.626,0.660,0.640,0.335,46.729,0.615,0.480
320,REJECTED,0.074,0.639,0.662,0.741,0.722,0.330,29.629,0.595,0.420
321,REJECTED,0.064,0.708,0.705,0.549,0.784,0.389,19.831,0.633,0.710
322,REJECTED,0.065,0.695,0.638,0.784,0.745,0.355,19.632,0.630,0.410
323,REJECTED,0.067,0.696,0.702,0.714,0.694,0.455,16.034,0.654,0.270
324,REJECTED,0.067,0.600,0.644,0.649,0.737,0.266,16.044,0.554,0.299
325,REJECTED,0.057,0.708,0.678,0.630,0.761,0.361,36.497,0.651,0.280
326,REJECTED,0.060,0.705,0.635,0.630,0.652,0.570,19.989,0.712,0.360
327,REJECTED,0.073,0.578,0.625,0.712,0.577,0.308,15.747,0.570,0.450
328,REJECTED,0.059,0.707,0.720,0.638,0.702,0.478,22.217,0.689,0.290
329,PASSED,0.057,0.680,0.664,0.711,0.644,0.471,2.616,0.676,0.240
330,PASSED,0.055,0.702,0.713,0.556,0.644,0.511,11.130,0.683,0.380
331,REJECTED,0.047,0.719,0.771,0.524,0.619,0.631,15.201,0.739,0.250
332,REJECTED,0.074,0.656,0.765,0.764,0.745,0.375,26.847,0.611,0.320
333,PASSED,0.060,0.755,0.681,0.605,0.721,0.540,5.732,0.716,0.150
334,REJECTED,0.068,0.609,0.722,0.692,0.673,0.356,34.713,0.592,0.450
335,PASSED,0.054,0.688,0.704,0.640,0.740,0.343,8.916,0.613,0.400
336,PASSED,0.075,0.620,0.787,0.782,0.727,0.318,0.537,0.589,0.470
337,PASSED,0.065,0.695,0.657,0.591,0.636,0.567,1.010,0.711,0.200
338,PASSED,0.068,0.615,0.664,0.857,0.625,0.355,3.522,0.589,0.350
339,PASSED,0.067,0.694,0.673,0.667,0.765,0.405,6.117,0.640,0.290
340,PASSED,0.061,0.712,0.618,0.644,0.644,0.577,6.008,0.710,0.240
341,REJECTED,0.061,0.794,0.696,0.727,0.795,0.516,17.187,0.711,0.360
342,PASSED,0.053,0.664,0.646,0.776,0.653,0.524,0.107,0.683,0.280
343,REJECTED,0.061,0.665,0.665,0.712,0.692,0.356,26.065,0.602,0.270
344,PASSED,0.047,0.667,0.589,0.614,0.659,0.523,4.911,0.702,0.190
345,PASSED,0.068,0.659,0.682,0.722,0.778,0.301,3.371,0.586,0.460
346,PASSED,0.060,0.663,0.644,0.705,0.591,0.560,9.850,0.705,0.300
347,PASSED,0.061,0.702,0.618,0.711,0.756,0.385,0.806,0.643,0.460
348,PASSED,0.069,0.654,0.671,0.660,0.660,0.332,4.909,0.605,0.290
349,REJECTED,0.056,0.755,0.693,0.571,0.762,0.587,26.841,0.734,0.230
350,PASSED,0.064,0.714,0.677,0.463,0.659,0.578,12.155,0.717,0.230
351,REJECTED,0.076,0.651,0.761,0.797,0.763,0.262,10.959,0.551,0.296
352,PASSED,0.060,0.750,0.693,0.405,0.690,0.547,14.025,0.715,0.220
353,REJECTED,0.075,0.638,0.603,0.750,0.712,0.283,22.426,0.572,0.420
354,PASSED,0.060,0.671,0.644,0.558,0.628,0.514,9.737,0.690,0.350
355,REJECTED,0.056,0.747,0.664,0.591,0.727,0.558,16.112,0.721,0.210
356,REJECTED,0.074,0.593,0.606,0.727,0.673,0.267,14.773,0.554,0.420
357,REJECTED,0.067,0.663,0.657,0.725,0.686,0.329,19.693,0.602,0.400
358,REJECTED,0.063,0.661,0.714,0.577,0.750,0.325,29.840,0.591,0.790
359,PASSED,0.076,0.657,0.669,0.732,0.714,0.365,14.158,0.604,0.400
360,REJECTED,0.058,0.640,0.698,0.647,0.745,0.292,11.065,0.602,0.388
361,PASSED,0.061,0.675,0.577,0.650,0.575,0.600,9.000,0.722,0.250
362,REJECTED,0.060,0.660,0.663,0.776,0.714,0.406,23.305,0.629,0.480
363,REJECTED,0.063,0.739,0.652,0.804,0.761,0.551,42.678,0.707,0.210
364,REJECTED,0.052,0.731,0.704,0.556,0.733,0.392,20.244,0.662,0.250
365,PASSED,0.079,0.666,0.662,0.667,0.778,0.305,11.311,0.583,0.440
366,REJECTED,0.071,0.667,0.717,0.792,0.736,0.341,28.252,0.602,0.303
367,PASSED,0.060,0.744,0.651,0.619,0.714,0.529,9.758,0.714,0.340
368,PASSED,0.054,0.674,0.657,0.667,0.600,0.578,13.849,0.713,0.210
369,REJECTED,0.067,0.652,0.694,0.500,0.604,0.513,17.480,0.679,0.340
370,REJECTED,0.067,0.674,0.663,0.796,0.694,0.316,21.411,0.598,0.490
371,REJECTED,0.077,0.588,0.687,0.692,0.577,0.360,15.922,0.596,1.380
372,PASSED,0.058,0.663,0.611,0.653,0.633,0.423,0.778,0.640,0.470
373,PASSED,0.063,0.732,0.683,0.571,0.643,0.547,8.279,0.703,0.260
374,REJECTED,0.066,0.619,0.744,0.754,0.649,0.320,21.090,0.583,0.400
375,PASSED,0.060,0.728,0.658,0.571,0.690,0.554,7.800,0.714,0.290
376,PASSED,0.062,0.702,0.671,0.533,0.711,0.573,4.952,0.719,0.360
377,PASSED,0.066,0.612,0.697,0.724,0.655,0.314,10.817,0.577,0.810
378,PASSED,0.062,0.666,0.635,0.848,0.630,0.480,1.909,0.680,0.410
379,REJECTED,0.067,0.607,0.687,0.462,0.615,0.394,26.790,0.612,0.230
380,REJECTED,0.051,0.663,0.623,0.600,0.556,0.615,21.679,0.715,0.290
381,REJECTED,0.068,0.611,0.660,0.793,0.655,0.322,20.662,0.577,0.390
382,PASSED,0.076,0.643,0.696,0.782,0.764,0.314,2.358,0.577,0.430
383,REJECTED,0.061,0.689,0.727,0.523,0.545,0.548,21.026,0.695,0.290
384,REJECTED,0.067,0.622,0.743,0.833,0.667,0.272,1.604,0.555,0.446
385,REJECTED,0.072,0.577,0.702,0.727,0.600,0.336,21.473,0.576,0.510
386,REJECTED,0.064,0.639,0.752,0.556,0.630,0.420,38.119,0.614,0.460
387,REJECTED,0.061,0.702,0.705,0.647,0.745,0.379,36.013,0.625,0.320
388,REJECTED,0.073,0.686,0.665,0.654,0.788,0.313,16.147,0.597,0.245
389,REJECTED,0.066,0.643,0.673,0.745,0.627,0.352,33.658,0.597,0.550
390,PASSED,0.064,0.603,0.656,0.839,0.661,0.333,10.262,0.584,0.520
391,PASSED,0.073,0.661,0.771,0.385,0.654,0.389,10.914,0.617,0.245
392,REJECTED,0.056,0.657,0.645,0.622,0.578,0.586,19.763,0.706,0.566
393,PASSED,0.062,0.693,0.644,0.880,0.740,0.325,4.890,0.611,0.290
394,PASSED,0.063,0.727,0.620,0.729,0.729,0.347,5.616,0.630,0.340
395,REJECTED,0.062,0.767,0.671,0.568,0.773,0.556,26.600,0.723,0.310
396,REJECTED,0.057,0.661,0.607,0.840,0.780,0.318,41.903,0.614,0.350
397,REJECTED,0.061,0.745,0.657,0.614,0.705,0.474,23.856,0.684,0.450
398,REJECTED,0.055,0.720,0.632,0.727,0.705,0.579,27.903,0.724,0.360
399,REJECTED,0.064,0.642,0.604,0.583,0.625,0.393,30.007,0.635,0.390
400,REJECTED,0.067,0.698,0.626,0.674,0.628,0.577,30.860,0.703,0.320
401,PASSED,0.058,0.641,0.630,0.600,0.660,0.348,10.902,0.618,0.330
402,PASSED,0.063,0.631,0.704,0.820,0.620,0.423,2.124,0.640,0.420
403,PASSED,0.055,0.749,0.650,0.628,0.767,0.524,7.966,0.716,0.250
404,REJECTED,0.064,0.677,0.609,0.702,0.660,0.414,15.379,0.646,0.360
405,REJECTED,0.062,0.690,0.688,0.673,0.714,0.446,40.156,0.661,0.410
406,PASSED,0.061,0.681,0.724,0.667,0.578,0.604,6.125,0.714,0.290
407,PASSED,0.063,0.666,0.670,0.654,0.673,0.394,2.324,0.621,0.190
408,REJECTED,0.067,0.630,0.741,0.759,0.759,0.304,18.759,0.578,0.704
409,REJECTED,0.072,0.728,0.748,0.600,0.644,0.540,18.536,0.698,0.340
410,REJECTED,0.080,0.670,0.692,0.707,0.759,0.312,30.618,0.571,0.370
411,PASSED,0.067,0.726,0.665,0.553,0.745,0.456,5.761,0.670,0.410
412,REJECTED,0.064,0.695,0.652,0.569,0.706,0.390,42.440,0.639,0.440
413,REJECTED,0.067,0.611,0.691,0.783,0.683,0.350,29.720,0.598,0.290
414,REJECTED,0.065,0.605,0.640,0.685,0.741,0.270,22.065,0.561,0.530
415,REJECTED,0.071,0.639,0.686,0.814,0.780,0.311,20.522,0.594,0.380
416,REJECTED,0.047,0.748,0.637,0.571,0.714,0.589,18.759,0.735,0.230
417,REJECTED,0.063,0.743,0.696,0.523,0.705,0.538,27.374,0.709,0.330
418,PASSED,0.058,0.609,0.702,0.667,0.542,0.510,6.134,0.672,0.190
419,REJECTED,0.054,0.737,0.681,0.651,0.721,0.599,19.069,0.736,0.340
420,REJECTED,0.052,0.658,0.658,0.674,0.543,0.613,22.843,0.714,0.250
421,REJECTED,0.074,0.633,0.723,0.912,0.667,0.320,32.529,0.571,0.560
422,REJECTED,0.055,0.745,0.645,0.585,0.610,0.586,28.539,0.719,0.220
423,REJECTED,0.065,0.687,0.703,0.585,0.792,0.333,26.323,0.607,0.260
424,PASSED,0.055,0.681,0.711,0.660,0.760,0.364,3.725,0.638,0.260
425,PASSED,0.053,0.745,0.690,0.535,0.674,0.565,4.395,0.718,0.240
426,REJECTED,0.054,0.796,0.645,0.622,0.844,0.519,22.197,0.721,0.510
427,PASSED,0.066,0.642,0.673,0.943,0.698,0.399,9.837,0.629,0.333
428,REJECTED,0.059,0.652,0.694,0.696,0.674,0.486,44.640,0.680,0.300
429,REJECTED,0.063,0.712,0.638,0.545,0.636,0.411,21.720,0.652,0.350
430,REJECTED,0.063,0.663,0.741,0.404,0.617,0.454,27.368,0.658,0.560
431,REJECTED,0.069,0.702,0.704,0.444,0.689,0.462,21.474,0.666,0.280
432,PASSED,0.062,0.706,0.593,0.750,0.773,0.440,4.306,0.677,0.280
433,REJECTED,0.062,0.715,0.613,0.667,0.711,0.443,32.690,0.670,0.460
434,PASSED,0.062,0.703,0.726,0.548,0.595,0.605,13.103,0.720,0.180
435,PASSED,0.060,0.612,0.714,0.731,0.712,0.347,12.376,0.610,0.286
436,PASSED,0.059,0.625,0.700,0.712,0.673,0.399,4.164,0.627,0.520
437,REJECTED,0.061,0.728,0.696,0.705,0.705,0.554,15.397,0.712,0.270
438,PASSED,0.061,0.775,0.671,0.644,0.822,0.395,1.183,0.667,0.240
439,REJECTED,0.054,0.773,0.625,0.439,0.732,0.588,1.675,0.736,0.120
440,REJECTED,0.062,0.736,0.645,0.489,0.711,0.559,24.575,0.709,0.240
441,REJECTED,0.062,0.706,0.625,0.587,0.717,0.605,27.592,0.712,0.250
442,PASSED,0.063,0.589,0.687,0.750,0.538,0.462,12.854,0.631,1.620
443,REJECTED,0.060,0.682,0.610,0.698,0.651,0.464,18.884,0.679,0.430
444,PASSED,0.062,0.692,0.671,0.578,0.711,0.500,9.545,0.687,0.283
445,PASSED,0.069,0.619,0.637,0.673,0.712,0.356,4.502,0.604,0.384
446,REJECTED,0.071,0.728,0.686,0.556,0.689,0.479,28.341,0.669,0.480
447,REJECTED,0.068,0.645,0.713,0.678,0.746,0.293,25.480,0.574,0.910
448,PASSED,0.062,0.595,0.644,0.839,0.679,0.342,13.968,0.591,0.290
449,PASSED,0.053,0.690,0.615,0.571,0.796,0.432,5.300,0.668,0.200
450,PASSED,0.073,0.667,0.638,0.627,0.686,0.388,8.819,0.627,0.340
451,PASSED,0.072,0.756,0.709,0.488,0.674,0.519,11.476,0.697,0.320
452,PASSED,0.058,0.740,0.681,0.605,0.721,0.553,13.638,0.719,0.220
453,REJECTED,0.065,0.716,0.693,0.500,0.595,0.595,41.534,0.705,0.250
454,REJECTED,0.069,0.727,0.665,0.617,0.723,0.447,23.482,0.665,0.400
455,REJECTED,0.068,0.599,0.666,0.778,0.704,0.338,26.717,0.604,0.750
456,PASSED,0.056,0.816,0.697,0.512,0.829,0.551,11.946,0.738,0.300
457,PASSED,0.056,0.640,0.616,0.750,0.636,0.438,10.454,0.658,0.250
458,PASSED,0.061,0.650,0.694,0.654,0.673,0.372,8.667,0.620,0.460
459,PASSED,0.060,0.657,0.607,0.608,0.706,0.319,6.641,0.598,0.460
460,REJECTED,0.061,0.763,0.693,0.548,0.667,0.582,22.348,0.717,0.260
461,PASSED,0.081,0.630,0.723,0.817,0.717,0.317,6.722,0.572,0.490
462,PASSED,0.058,0.731,0.621,0.773,0.727,0.548,3.286,0.717,0.230
463,PASSED,0.063,0.695,0.650,0.409,0.705,0.477,13.666,0.681,0.300
464,PASSED,0.066,0.662,0.762,0.759,0.704,0.335,10.933,0.594,0.340
465,REJECTED,0.052,0.731,0.665,0.581,0.698,0.610,20.190,0.735,0.130
466,REJECTED,0.060,0.603,0.646,0.654,0.577,0.437,16.798,0.630,0.300
467,REJECTED,0.059,0.696,0.646,0.587,0.848,0.381,26.720,0.649,0.320
468,PASSED,0.059,0.744,0.639,0.600,0.733,0.439,14.835,0.685,0.200
469,PASSED,0.070,0.792,0.703,0.619,0.833,0.460,6.949,0.699,0.420
470,REJECTED,0.059,0.596,0.676,0.815,0.667,0.306,18.529,0.598,0.440
471,REJECTED,0.062,0.667,0.730,0.574,0.596,0.553,27.099,0.679,0.320
472,REJECTED,0.063,0.629,0.664,0.895,0.737,0.290,5.908,0.563,0.427
473,REJECTED,0.059,0.727,0.706,0.545,0.636,0.535,32.999,0.701,0.160
474,PASSED,0.068,0.674,0.671,0.587,0.587,0.450,3.579,0.653,0.640
475,REJECTED,0.059,0.619,0.713,0.765,0.667,0.361,39.597,0.622,0.360
476,PASSED,0.067,0.742,0.686,0.587,0.783,0.388,5.725,0.658,0.310
477,PASSED,0.054,0.639,0.711,0.700,0.660,0.461,12.473,0.656,0.620
478,REJECTED,0.072,0.619,0.541,0.852,0.722,0.305,34.054,0.588,0.360
479,REJECTED,0.058,0.736,0.679,0.455,0.750,0.443,37.762,0.677,0.329
480,PASSED,0.061,0.705,0.657,0.750,0.614,0.599,6.112,0.713,0.360
481,REJECTED,0.050,0.692,0.732,0.465,0.605,0.618,22.944,0.723,0.290
482,REJECTED,0.057,0.683,0.652,0.571,0.755,0.357,31.549,0.628,0.300
483,PASSED,0.056,0.732,0.607,0.610,0.659,0.537,12.086,0.717,0.310
484,REJECTED,0.076,0.651,0.702,0.741,0.759,0.323,19.874,0.582,0.350
485,REJECTED,0.064,0.664,0.644,0.542,0.708,0.395,15.216,0.648,0.250
486,REJECTED,0.061,0.707,0.657,0.533,0.644,0.558,18.437,0.703,0.260
487,REJECTED,0.058,0.634,0.586,0.840,0.720,0.315,27.649,0.597,0.400
488,REJECTED,0.071,0.709,0.671,0.386,0.591,0.553,15.895,0.692,0.140
489,PASSED,0.055,0.700,0.741,0.447,0.681,0.478,12.105,0.676,0.280
490,REJECTED,0.059,0.696,0.678,0.689,0.667,0.572,25.328,0.713,0.280
491,REJECTED,0.067,0.669,0.695,0.733,0.600,0.587,27.281,0.702,0.230
492,PASSED,0.068,0.601,0.677,0.780,0.678,0.305,12.222,0.571,0.470
493,REJECTED,0.061,0.646,0.714,0.635,0.673,0.393,20.030,0.629,0.240
494,PASSED,0.060,0.655,0.671,0.667,0.600,0.601,10.737,0.712,0.400
495,REJECTED,0.076,0.544,0.629,0.782,0.673,0.299,10.619,0.558,0.528
496,PASSED,0.060,0.723,0.626,0.767,0.744,0.544,1.714,0.728,0.390
497,REJECTED,0.057,0.713,0.707,0.712,0.808,0.372,36.641,0.638,0.490
498,REJECTED,0.053,0.772,0.671,0.455,0.773,0.521,31.107,0.716,0.160
499,PASSED,0.058,0.611,0.629,0.583,0.521,0.439,10.890,0.644,0.390
500,REJECTED,0.062,0.654,0.664,0.783,0.652,0.300,0.245,0.605,0.480
501,REJECTED,0.068,0.680,0.719,0.571,0.653,0.422,29.613,0.638,0.380
502,REJECTED,0.054,0.674,0.691,0.529,0.667,0.374,24.356,0.628,0.590
503,REJECTED,0.070,0.643,0.657,0.648,0.704,0.336,24.821,0.602,0.300
504,PASSED,0.070,0.745,0.646,0.630,0.761,0.485,3.877,0.695,0.300
505,REJECTED,0.070,0.721,0.732,0.609,0.739,0.458,23.725,0.665,0.440
506,REJECTED,0.066,0.713,0.678,0.543,0.587,0.539,15.422,0.689,0.680
507,REJECTED,0.067,0.703,0.665,0.558,0.605,0.591,15.296,0.708,0.310
508,REJECTED,0.061,0.685,0.650,0.500,0.636,0.616,25.208,0.719,0.380
509,PASSED,0.065,0.588,0.636,0.732,0.643,0.341,2.209,0.583,0.370
510,REJECTED,0.068,0.709,0.694,0.625,0.729,0.465,25.684,0.664,0.260
511,PASSED,0.067,0.742,0.665,0.745,0.809,0.392,9.534,0.647,0.410
512,PASSED,0.063,0.693,0.703,0.660,0.774,0.359,7.994,0.619,0.550
513,REJECTED,0.045,0.736,0.645,0.667,0.689,0.506,29.362,0.705,0.370
514,REJECTED,0.061,0.751,0.727,0.523,0.705,0.583,37.356,0.713,0.170
515,REJECTED,0.056,0.747,0.650,0.227,0.750,0.509,19.550,0.714,0.360
516,REJECTED,0.070,0.604,0.719,0.759,0.648,0.388,24.670,0.612,0.313
517,REJECTED,0.079,0.653,0.640,0.755,0.811,0.330,22.807,0.585,0.360
518,REJECTED,0.063,0.725,0.659,0.383,0.787,0.434,25.303,0.674,0.480
519,REJECTED,0.064,0.601,0.652,0.704,0.759,0.259,16.111,0.564,0.315
520,REJECTED,0.053,0.679,0.666,0.405,0.548,0.597,28.995,0.717,0.200
521,REJECTED,0.061,0.639,0.667,0.750,0.646,0.402,39.933,0.640,0.230
522,REJECTED,0.065,0.678,0.607,0.780,0.720,0.354,16.177,0.627,0.300
523,PASSED,0.068,0.672,0.662,0.588,0.784,0.360,0.900,0.609,0.260
524,PASSED,0.060,0.672,0.732,0.465,0.558,0.543,2.813,0.700,0.350
525,PASSED,0.061,0.681,0.646,0.543,0.696,0.419,5.916,0.660,0.250
526,PASSED,0.067,0.657,0.711,0.620,0.640,0.340,5.262,0.599,0.430
527,PASSED,0.063,0.766,0.739,0.405,0.762,0.552,8.972,0.728,0.350
528,REJECTED,0.062,0.622,0.595,0.849,0.660,0.371,26.185,0.603,0.230
529,PASSED,0.062,0.784,0.720,0.651,0.837,0.491,11.523,0.710,0.200
530,REJECTED,0.077,0.611,0.757,0.638,0.707,0.317,16.619,0.574,0.800
531,REJECTED,0.065,0.638,0.674,0.786,0.786,0.325,20.432,0.600,0.280
532,REJECTED,0.067,0.627,0.722,0.618,0.636,0.315,15.319,0.575,0.470
533,REJECTED,0.053,0.720,0.665,0.721,0.651,0.542,17.853,0.716,0.300
534,REJECTED,0.069,0.655,0.673,0.686,0.745,0.313,39.001,0.602,0.310
535,PASSED,0.056,0.744,0.688,0.614,0.750,0.449,7.675,0.689,0.650
536,REJECTED,0.070,0.735,0.681,0.633,0.755,0.431,20.590,0.657,0.540
537,REJECTED,0.049,0.745,0.716,0.636,0.750,0.566,23.796,0.729,0.250
538,PASSED,0.067,0.654,0.719,0.673,0.714,0.338,0.352,0.618,0.250
539,PASSED,0.060,0.674,0.648,0.660,0.745,0.480,0.424,0.684,0.320
540,REJECTED,0.072,0.654,0.655,0.688,0.646,0.425,36.018,0.637,0.330
541,REJECTED,0.050,0.668,0.664,0.682,0.636,0.577,17.277,0.719,0.440
542,REJECTED,0.064,0.645,0.703,0.679,0.660,0.423,30.381,0.622,0.420
543,PASSED,0.058,0.668,0.687,0.577,0.788,0.355,2.113,0.628,0.480
544,PASSED,0.052,0.774,0.697,0.463,0.732,0.549,7.984,0.729,0.220
545,PASSED,0.080,0.633,0.712,0.815,0.685,0.313,14.419,0.574,0.657
546,REJECTED,0.063,0.616,0.619,0.673,0.592,0.358,15.851,0.598,0.420
547,REJECTED,0.070,0.680,0.639,0.620,0.780,0.306,28.988,0.596,0.420
548,PASSED,0.061,0.718,0.675,0.653,0.755,0.361,1.334,0.633,0.380
549,REJECTED,0.069,0.709,0.675,0.735,0.776,0.336,17.888,0.612,0.380
550,REJECTED,0.069,0.602,0.677,0.828,0.759,0.227,12.534,0.537,0.513
551,REJECTED,0.076,0.716,0.722,0.692,0.750,0.356,31.123,0.623,0.220
552,PASSED,0.049,0.688,0.672,0.723,0.660,0.514,13.443,0.693,0.230
553,PASSED,0.071,0.632,0.596,0.633,0.714,0.301,7.601,0.599,0.450
554,REJECTED,0.062,0.720,0.693,0.500,0.690,0.559,24.105,0.713,0.210
555,REJECTED,0.075,0.613,0.738,0.720,0.600,0.415,34.033,0.619,0.300
556,PASSED,0.058,0.658,0.704,0.533,0.533,0.610,1.468,0.709,0.350
557,REJECTED,0.055,0.629,0.634,0.647,0.725,0.322,24.530,0.606,0.283
558,REJECTED,0.064,0.658,0.720,0.640,0.660,0.459,22.629,0.647,0.590
559,PASSED,0.067,0.726,0.688,0.568,0.750,0.526,13.279,0.708,0.340
560,PASSED,0.065,0.662,0.667,0.625,0.729,0.400,4.508,0.636,0.420
561,PASSED,0.069,0.691,0.729,0.625,0.667,0.476,14.359,0.665,0.290
562,PASSED,0.061,0.749,0.695,0.511,0.733,0.529,1.124,0.710,0.290
563,REJECTED,0.057,0.765,0.714,0.214,0.738,0.534,21.492,0.716,0.470
564,PASSED,0.050,0.689,0.686,0.696,0.696,0.504,11.858,0.692,0.350
565,PASSED,0.054,0.744,0.695,0.511,0.756,0.563,3.777,0.721,0.260
566,REJECTED,0.064,0.728,0.644,0.581,0.651,0.587,17.156,0.717,0.200
567,PASSED,0.055,0.623,0.675,0.673,0.592,0.350,7.141,0.613,0.313
568,PASSED,0.069,0.740,0.637,0.667,0.667,0.562,3.429,0.710,0.270
569,REJECTED,0.064,0.717,0.671,0.500,0.739,0.493,19.609,0.677,0.270
570,REJECTED,0.067,0.650,0.685,0.745,0.686,0.367,34.040,0.612,0.190
571,REJECTED,0.064,0.658,0.659,0.620,0.740,0.300,16.594,0.590,0.845
572,REJECTED,0.069,0.592,0.636,0.875,0.643,0.296,27.627,0.565,0.408
573,PASSED,0.053,0.695,0.696,0.455,0.614,0.641,1.697,0.725,0.190
574,PASSED,0.070,0.690,0.728,0.460,0.760,0.422,10.097,0.639,0.290
575,REJECTED,0.074,0.748,0.674,0.500,0.738,0.512,18.886,0.697,0.330
576,REJECTED,0.063,0.750,0.694,0.438,0.813,0.452,19.080,0.682,0.210
577,REJECTED,0.070,0.634,0.739,0.558,0.596,0.359,25.366,0.609,0.860
578,PASSED,0.069,0.687,0.720,0.620,0.740,0.400,13.505,0.644,0.360
579,REJECTED,0.058,0.636,0.667,0.667,0.688,0.392,41.685,0.638,0.430
580,REJECTED,0.062,0.744,0.704,0.578,0.778,0.548,2.634,0.718,0.140
581,REJECTED,0.075,0.592,0.657,0.726,0.726,0.265,30.115,0.534,0.590
582,PASSED,0.055,0.698,0.679,0.545,0.705,0.574,5.359,0.720,0.310
583,PASSED,0.055,0.753,0.593,0.864,0.773,0.552,14.196,0.721,0.360
584,PASSED,0.052,0.769,0.608,0.619,0.762,0.573,8.078,0.733,0.150
585,REJECTED,0.066,0.661,0.658,0.755,0.755,0.341,36.138,0.607,0.460
586,PASSED,0.070,0.618,0.732,0.679,0.679,0.371,6.377,0.601,0.350
587,PASSED,0.065,0.654,0.731,0.654,0.692,0.341,11.485,0.601,0.610
588,REJECTED,0.060,0.619,0.709,0.709,0.636,0.330,25.458,0.590,0.290
589,PASSED,0.068,0.639,0.704,0.600,0.467,0.477,7.349,0.648,0.410
590,PASSED,0.062,0.632,0.607,0.821,0.679,0.320,5.167,0.585,0.730
591,REJECTED,0.052,0.715,0.606,0.705,0.727,0.465,40.452,0.692,0.370
592,PASSED,0.073,0.658,0.607,0.776,0.653,0.444,6.000,0.647,0.340
593,PASSED,0.068,0.694,0.719,0.667,0.729,0.438,12.569,0.663,0.280
594,REJECTED,0.052,0.645,0.608,0.479,0.667,0.387,20.338,0.654,0.780
595,PASSED,0.050,0.681,0.674,0.595,0.571,0.577,12.818,0.719,0.390
596,REJECTED,0.060,0.669,0.637,0.846,0.731,0.357,35.766,0.619,0.364
597,PASSED,0.054,0.690,0.618,0.680,0.720,0.400,8.991,0.643,0.260
598,REJECTED,0.058,0.611,0.700,0.714,0.732,0.323,31.529,0.596,0.600
599,REJECTED,0.059,0.682,0.665,0.488,0.581,0.593,33.758,0.708,0.430
600,PASSED,0.063,0.634,0.649,0.750,0.667,0.376,10.741,0.639,0.420
601,REJECTED,0.065,0.730,0.688,0.591,0.727,0.466,24.939,0.681,0.310
602,REJECTED,0.069,0.672,0.704,0.740,0.740,0.409,28.264,0.629,0.500
603,REJECTED,0.058,0.745,0.671,0.568,0.727,0.437,24.412,0.687,0.400
604,PASSED,0.054,0.746,0.626,0.605,0.698,0.547,12.674,0.718,0.310
605,REJECTED,0.068,0.644,0.615,0.449,0.735,0.294,4.112,0.591,0.367
606,REJECTED,0.065,0.582,0.712,0.667,0.593,0.396,35.264,0.603,0.483
607,PASSED,0.065,0.726,0.750,0.500,0.750,0.458,5.840,0.670,0.320
608,REJECTED,0.063,0.696,0.596,0.771,0.750,0.428,30.167,0.666,0.690
609,REJECTED,0.061,0.709,0.671,0.696,0.696,0.532,20.650,0.700,0.260
610,PASSED,0.073,0.669,0.662,0.725,0.706,0.345,12.629,0.620,0.340
611,REJECTED,0.059,0.624,0.704,0.700,0.700,0.417,15.138,0.644,0.280
612,PASSED,0.069,0.635,0.682,0.815,0.741,0.315,0.641,0.591,0.720
613,PASSED,0.058,0.682,0.642,0.617,0.723,0.429,5.261,0.659,0.260
614,REJECTED,0.067,0.727,0.611,0.659,0.750,0.531,16.846,0.711,0.320
615,PASSED,0.070,0.631,0.667,0.902,0.647,0.380,4.716,0.617,0.410
616,PASSED,0.073,0.582,0.691,0.673,0.636,0.359,5.623,0.585,0.270
617,PASSED,0.064,0.704,0.655,0.771,0.708,0.496,14.745,0.678,0.250
618,REJECTED,0.067,0.693,0.738,0.694,0.714,0.395,39.815,0.638,0.550
619,REJECTED,0.071,0.734,0.613,0.622,0.756,0.519,26.761,0.698,0.450
620,REJECTED,0.077,0.686,0.755,0.782,0.782,0.370,31.689,0.614,0.320
621,PASSED,0.056,0.624,0.722,0.827,0.635,0.391,5.775,0.626,0.280
622,PASSED,0.071,0.725,0.686,0.587,0.783,0.450,2.645,0.668,0.280
623,REJECTED,0.072,0.696,0.678,0.543,0.674,0.457,15.393,0.658,0.410
624,REJECTED,0.057,0.660,0.618,0.760,0.700,0.442,17.005,0.662,0.510
625,REJECTED,0.076,0.719,0.677,0.760,0.780,0.328,26.249,0.608,0.349
626,PASSED,0.067,0.759,0.678,0.600,0.756,0.520,6.473,0.701,0.370
627,REJECTED,0.069,0.623,0.698,0.765,0.667,0.342,26.137,0.606,0.360
628,PASSED,0.067,0.615,0.664,0.789,0.754,0.321,7.131,0.589,0.510
629,PASSED,0.064,0.690,0.638,0.686,0.706,0.342,4.679,0.623,0.230
630,REJECTED,0.077,0.639,0.662,0.686,0.686,0.363,15.760,0.612,0.220
631,REJECTED,0.065,0.629,0.620,0.646,0.604,0.395,18.450,0.633,0.360
632,PASSED,0.068,0.573,0.735,0.759,0.574,0.312,7.778,0.577,0.400
633,PASSED,0.066,0.670,0.646,0.694,0.735,0.374,1.337,0.638,0.280
634,PASSED,0.060,0.651,0.621,0.642,0.660,0.380,10.689,0.621,0.417
635,REJECTED,0.061,0.755,0.694,0.587,0.761,0.456,23.303,0.674,0.200
636,REJECTED,0.046,0.680,0.678,0.667,0.644,0.505,20.506,0.701,0.260
637,REJECTED,0.053,0.772,0.699,0.488,0.744,0.559,25.489,0.718,0.290
638,REJECTED,0.061,0.683,0.600,0.854,0.667,0.460,22.974,0.666,0.260
639,REJECTED,0.069,0.684,0.704,0.560,0.720,0.488,41.332,0.666,0.180
640,REJECTED,0.060,0.647,0.638,0.500,0.591,0.618,34.731,0.712,0.170
641,PASSED,0.071,0.625,0.732,0.736,0.660,0.395,13.162,0.620,0.250
642,REJECTED,0.060,0.692,0.710,0.792,0.708,0.459,39.788,0.668,0.270
643,REJECTED,0.076,0.692,0.702,0.633,0.694,0.399,28.525,0.630,0.270
644,PASSED,0.068,0.606,0.693,0.611,0.630,0.348,7.652,0.602,0.560
645,PASSED,0.063,0.616,0.696,0.679,0.566,0.422,2.212,0.625,0.370
646,PASSED,0.058,0.748,0.702,0.609,0.717,0.522,4.387,0.705,0.260
647,REJECTED,0.074,0.606,0.648,0.737,0.649,0.346,15.672,0.587,0.348
648,REJECTED,0.062,0.633,0.639,0.720,0.660,0.304,36.489,0.581,0.690
649,PASSED,0.059,0.703,0.658,0.587,0.761,0.429,0.032,0.672,0.280
650,REJECTED,0.055,0.750,0.683,0.619,0.738,0.558,27.357,0.730,0.190
651,PASSED,0.054,0.606,0.696,0.698,0.660,0.323,5.352,0.583,0.470
652,REJECTED,0.077,0.771,0.716,0.614,0.750,0.527,34.440,0.697,0.210
653,REJECTED,0.064,0.705,0.694,0.604,0.688,0.455,16.945,0.664,0.340
654,PASSED,0.052,0.791,0.644,0.524,0.833,0.575,1.466,0.742,0.290
655,REJECTED,0.082,0.684,0.719,0.786,0.804,0.328,36.346,0.592,0.240
656,PASSED,0.054,0.693,0.695,0.489,0.600,0.502,2.476,0.684,0.330
657,REJECTED,0.045,0.713,0.631,0.628,0.628,0.634,36.007,0.731,0.260
658,PASSED,0.061,0.675,0.771,0.660,0.720,0.488,0.530,0.680,0.210
659,REJECTED,0.056,0.636,0.667,0.725,0.608,0.460,55.484,0.650,0.360
660,PASSED,0.071,0.694,0.776,0.708,0.688,0.395,13.206,0.643,0.250
661,REJECTED,0.065,0.708,0.622,0.840,0.780,0.344,23.782,0.626,0.660
662,PASSED,0.069,0.695,0.612,0.750,0.771,0.359,1.382,0.630,0.530
663,REJECTED,0.060,0.660,0.756,0.500,0.717,0.432,31.950,0.658,0.290
664,PASSED,0.077,0.688,0.679,0.830,0.755,0.363,1.980,0.613,0.540
665,REJECTED,0.064,0.678,0.662,0.833,0.778,0.315,15.659,0.608,0.350
666,PASSED,0.072,0.665,0.689,0.620,0.640,0.447,9.853,0.646,0.340
667,REJECTED,0.074,0.573,0.593,0.833,0.648,0.362,22.041,0.593,0.450
668,PASSED,0.063,0.652,0.596,0.612,0.612,0.485,12.017,0.663,0.230
669,PASSED,0.052,0.647,0.665,0.558,0.535,0.681,4.282,0.732,0.200
670,PASSED,0.062,0.675,0.623,0.600,0.622,0.482,8.297,0.672,0.250
671,PASSED,0.066,0.663,0.680,0.800,0.782,0.372,13.736,0.627,0.480
672,PASSED,0.055,0.690,0.710,0.766,0.681,0.449,3.287,0.668,0.300
673,PASSED,0.064,0.673,0.688,0.735,0.653,0.384,3.456,0.629,0.290
674,PASSED,0.062,0.685,0.688,0.673,0.653,0.457,5.208,0.661,0.310
675,REJECTED,0.075,0.688,0.625,0.813,0.688,0.417,28.028,0.634,0.510
676,REJECTED,0.072,0.661,0.710,0.646,0.646,0.381,19.615,0.624,0.465
677,PASSED,0.069,0.649,0.698,0.745,0.745,0.321,0.167,0.595,0.370
678,REJECTED,0.056,0.650,0.649,0.646,0.604,0.405,18.345,0.640,0.220
679,REJECTED,0.075,0.694,0.645,0.736,0.736,0.349,22.792,0.604,0.260
680,REJECTED,0.065,0.770,0.651,0.595,0.762,0.518,25.239,0.708,0.330
681,REJECTED,0.069,0.644,0.654,0.740,0.660,0.486,16.120,0.666,0.200
682,PASSED,0.067,0.596,0.630,0.640,0.580,0.373,8.302,0.601,0.240
683,REJECTED,0.073,0.618,0.708,0.828,0.776,0.234,25.673,0.544,0.960
684,REJECTED,0.076,0.617,0.684,0.868,0.642,0.387,24.147,0.601,0.280
685,REJECTED,0.081,0.591,0.683,0.919,0.758,0.276,43.970,0.538,0.950
686,REJECTED,0.067,0.701,0.728,0.840,0.720,0.371,34.763,0.627,0.465
687,PASSED,0.057,0.719,0.674,0.500,0.619,0.593,10.710,0.719,0.300
688,PASSED,0.053,0.647,0.663,0.653,0.735,0.372,4.741,0.636,0.310
689,REJECTED,0.070,0.632,0.671,0.722,0.648,0.323,16.732,0.584,0.480
690,REJECTED,0.054,0.765,0.651,0.548,0.762,0.531,29.478,0.720,0.210
691,REJECTED,0.075,0.584,0.679,0.623,0.660,0.309,17.141,0.593,0.420
692,REJECTED,0.063,0.783,0.631,0.581,0.791,0.487,23.554,0.702,0.390
693,REJECTED,0.062,0.652,0.655,0.583,0.604,0.418,41.882,0.642,0.210
694,REJECTED,0.066,0.620,0.718,0.780,0.695,0.320,16.416,0.579,0.300
695,PASSED,0.066,0.642,0.632,0.811,0.698,0.395,6.115,0.631,0.440
696,REJECTED,0.059,0.676,0.638,0.705,0.614,0.603,23.874,0.712,0.280
697,PASSED,0.056,0.642,0.648,0.596,0.660,0.507,4.984,0.694,0.260
698,REJECTED,0.076,0.607,0.632,0.873,0.618,0.301,22.147,0.563,0.570
699,PASSED,0.049,0.755,0.696,0.568,0.750,0.597,10.132,0.738,0.440
700,REJECTED,0.067,0.719,0.665,0.745,0.745,0.440,22.054,0.667,0.360
701,REJECTED,0.054,0.758,0.694,0.792,0.771,0.479,15.378,0.686,0.310
702,PASSED,0.052,0.685,0.584,0.756,0.667,0.453,6.517,0.683,0.210
703,PASSED,0.058,0.630,0.672,0.617,0.574,0.504,7.788,0.681,0.870
704,REJECTED,0.074,0.621,0.678,0.737,0.667,0.341,52.015,0.580,0.291
705,PASSED,0.073,0.628,0.700,0.712,0.712,0.403,7.683,0.628,0.360
706,REJECTED,0.061,0.642,0.658,0.630,0.587,0.522,38.214,0.677,0.380
707,PASSED,0.056,0.667,0.687,0.542,0.667,0.480,4.964,0.680,0.290
708,PASSED,0.056,0.649,0.679,0.717,0.717,0.430,0.025,0.637,0.485
709,PASSED,0.079,0.657,0.649,0.680,0.680,0.423,3.467,0.636,0.310
710,PASSED,0.069,0.660,0.717,0.717,0.736,0.402,5.475,0.635,0.350
711,REJECTED,0.076,0.650,0.741,0.736,0.698,0.344,25.603,0.588,0.350
712,REJECTED,0.062,0.684,0.738,0.580,0.760,0.380,16.272,0.635,0.370
713,PASSED,0.066,0.638,0.670,0.577,0.673,0.422,0.711,0.630,0.560
714,PASSED,0.058,0.616,0.641,0.755,0.714,0.376,0.733,0.626,0.450
715,REJECTED,0.072,0.716,0.688,0.750,0.614,0.496,16.016,0.681,0.270
716,PASSED,0.068,0.619,0.625,0.647,0.706,0.334,7.971,0.594,0.450
717,REJECTED,0.060,0.740,0.637,0.595,0.714,0.516,20.848,0.706,0.290
718,PASSED,0.067,0.602,0.737,0.719,0.684,0.318,14.874,0.584,0.320
719,REJECTED,0.059,0.660,0.629,0.646,0.583,0.482,17.516,0.666,0.390
720,REJECTED,0.061,0.686,0.673,0.646,0.646,0.448,37.847,0.654,0.600
721,PASSED,0.059,0.729,0.695,0.644,0.644,0.560,9.308,0.708,0.213
722,REJECTED,0.065,0.679,0.686,0.522,0.609,0.482,25.304,0.672,0.239
723,REJECTED,0.073,0.738,0.675,0.694,0.796,0.437,19.966,0.658,0.313
724,REJECTED,0.070,0.711,0.663,0.776,0.755,0.369,32.401,0.630,0.500
725,PASSED,0.058,0.676,0.630,0.740,0.740,0.320,0.477,0.612,0.420
726,PASSED,0.064,0.698,0.645,0.622,0.622,0.587,3.013,0.711,0.380
727,REJECTED,0.075,0.750,0.678,0.652,0.891,0.396,18.848,0.666,0.440
728,PASSED,0.069,0.627,0.649,0.736,0.736,0.336,3.883,0.600,0.320
729,REJECTED,0.068,0.682,0.703,0.792,0.774,0.391,24.242,0.644,0.313
730,PASSED,0.055,0.664,0.613,0.681,0.617,0.501,14.438,0.685,0.340
731,PASSED,0.059,0.652,0.600,0.600,0.578,0.615,9.764,0.711,0.303
732,PASSED,0.054,0.705,0.671,0.727,0.727,0.455,4.770,0.681,0.260
733,REJECTED,0.065,0.687,0.591,0.600,0.600,0.584,17.177,0.702,0.280
734,PASSED,0.062,0.604,0.625,0.784,0.608,0.340,11.808,0.598,0.410
735,PASSED,0.059,0.654,0.645,0.717,0.755,0.307,10.246,0.595,0.450
736,PASSED,0.074,0.630,0.661,0.673,0.691,0.306,7.575,0.570,0.490
737,PASSED,0.074,0.719,0.665,0.712,0.904,0.348,10.011,0.634,0.280
738,REJECTED,0.073,0.681,0.689,0.520,0.660,0.410,20.521,0.631,0.293
739,REJECTED,0.059,0.651,0.730,0.809,0.617,0.547,30.690,0.690,0.210
740,REJECTED,0.083,0.599,0.652,0.793,0.741,0.297,29.500,0.559,0.311
741,PASSED,0.065,0.654,0.596,0.765,0.725,0.346,2.070,0.609,0.380
742,REJECTED,0.070,0.588,0.706,0.821,0.679,0.327,26.654,0.579,0.430
743,PASSED,0.063,0.646,0.673,0.755,0.717,0.303,6.478,0.585,0.470
744,REJECTED,0.068,0.635,0.632,0.774,0.698,0.316,15.773,0.592,0.510
745,REJECTED,0.074,0.640,0.598,0.755,0.698,0.279,4.560,0.583,0.634
746,REJECTED,0.062,0.728,0.724,0.511,0.689,0.569,23.603,0.710,0.430
747,PASSED,0.065,0.665,0.614,0.686,0.725,0.385,13.407,0.635,0.310
748,PASSED,0.059,0.745,0.658,0.619,0.667,0.542,0.908,0.712,0.220
749,PASSED,0.068,0.600,0.749,0.821,0.625,0.348,4.277,0.591,0.560
750,REJECTED,0.061,0.724,0.668,0.341,0.634,0.592,25.452,0.718,0.270
751,PASSED,0.060,0.669,0.613,0.681,0.660,0.379,7.650,0.639,0.320
752,PASSED,0.049,0.693,0.686,0.511,0.766,0.426,12.714,0.676,0.330
753,PASSED,0.054,0.668,0.652,0.522,0.696,0.442,9.462,0.679,0.300
754,REJECTED,0.073,0.638,0.660,0.731,0.731,0.396,15.391,0.620,0.290
755,PASSED,0.061,0.643,0.695,0.711,0.733,0.347,9.428,0.646,0.340
756,REJECTED,0.065,0.719,0.695,0.689,0.756,0.431,20.059,0.669,0.480
757,REJECTED,0.075,0.680,0.632,0.849,0.736,0.338,16.944,0.608,0.670
758,REJECTED,0.056,0.697,0.706,0.545,0.636,0.550,15.805,0.708,0.310
759,REJECTED,0.071,0.556,0.725,0.729,0.729,0.272,1.153,0.545,0.610
760,PASSED,0.062,0.613,0.686,0.532,0.596,0.411,11.054,0.640,0.450
761,REJECTED,0.058,0.678,0.721,0.609,0.696,0.477,15.214,0.678,0.240
762,PASSED,0.060,0.651,0.577,0.633,0.633,0.486,12.917,0.662,0.337
763,PASSED,0.060,0.747,0.679,0.636,0.682,0.528,5.282,0.703,0.430
764,REJECTED,0.061,0.618,0.608,0.708,0.583,0.465,20.188,0.649,0.400
765,REJECTED,0.056,0.679,0.621,0.500,0.568,0.618,20.202,0.712,0.510
766,REJECTED,0.063,0.547,0.625,0.727,0.600,0.280,1.315,0.572,0.760
767,REJECTED,0.078,0.593,0.722,0.673,0.564,0.310,32.731,0.557,0.350
768,PASSED,0.059,0.669,0.603,0.846,0.750,0.318,8.021,0.601,0.450
769,REJECTED,0.059,0.736,0.661,0.646,0.729,0.502,21.876,0.678,0.600
770,PASSED,0.058,0.710,0.652,0.696,0.717,0.463,8.124,0.673,0.469
771,REJECTED,0.071,0.708,0.667,0.521,0.750,0.420,26.084,0.652,0.320
772,PASSED,0.063,0.637,0.676,0.827,0.596,0.387,0.949,0.630,0.370
773,REJECTED,0.055,0.662,0.694,0.696,0.674,0.465,37.028,0.671,0.230
774,REJECTED,0.080,0.661,0.608,0.722,0.759,0.287,9.203,0.577,0.429
775,PASSED,0.063,0.742,0.686,0.556,0.756,0.562,8.512,0.718,0.410
776,REJECTED,0.061,0.642,0.667,0.604,0.500,0.423,21.846,0.628,0.530
777,REJECTED,0.068,0.727,0.640,0.696,0.826,0.527,22.609,0.705,0.410
778,REJECTED,0.083,0.643,0.732,0.642,0.679,0.262,31.313,0.568,0.550
779,PASSED,0.058,0.741,0.674,0.524,0.690,0.597,13.165,0.733,0.210
780,PASSED,0.056,0.730,0.696,0.500,0.750,0.577,12.579,0.729,0.200
781,PASSED,0.069,0.653,0.684,0.717,0.717,0.379,4.427,0.620,0.370
782,PASSED,0.063,0.632,0.628,0.755,0.717,0.336,3.667,0.602,0.320
783,REJECTED,0.061,0.672,0.665,0.692,0.750,0.421,15.056,0.640,0.540
784,PASSED,0.063,0.688,0.670,0.808,0.769,0.343,3.516,0.625,1.220
785,PASSED,0.066,0.664,0.706,0.432,0.614,0.599,3.623,0.710,0.200
786,PASSED,0.058,0.658,0.651,0.756,0.600,0.498,14.218,0.682,0.320
787,PASSED,0.054,0.636,0.687,0.604,0.604,0.519,5.351,0.682,0.210
788,PASSED,0.065,0.586,0.593,0.863,0.608,0.377,6.817,0.601,0.300
789,REJECTED,0.064,0.633,0.637,0.635,0.654,0.330,29.141,0.598,0.200
790,PASSED,0.069,0.714,0.694,0.565,0.717,0.477,5.952,0.674,0.360
791,PASSED,0.063,0.649,0.652,0.717,0.587,0.484,13.337,0.668,0.350
792,PASSED,0.063,0.719,0.642,0.660,0.723,0.460,3.530,0.671,0.370
793,REJECTED,0.066,0.682,0.655,0.813,0.708,0.366,19.995,0.623,0.540
794,PASSED,0.069,0.678,0.690,0.604,0.717,0.354,11.575,0.612,0.327
795,PASSED,0.057,0.631,0.659,0.820,0.680,0.386,4.324,0.640,0.450
796,REJECTED,0.055,0.625,0.629,0.745,0.647,0.428,20.161,0.648,0.270
797,REJECTED,0.068,0.689,0.625,0.830,0.755,0.347,19.478,0.612,0.293
798,REJECTED,0.067,0.658,0.652,0.796,0.741,0.367,21.675,0.618,0.380
799,PASSED,0.069,0.541,0.645,0.776,0.569,0.328,3.384,0.552,0.960
800,REJECTED,0.063,0.580,0.629,0.769,0.596,0.345,27.139,0.597,0.434
801,REJECTED,0.062,0.659,0.652,0.706,0.706,0.412,37.231,0.636,0.350
802,REJECTED,0.050,0.682,0.589,0.523,0.705,0.628,17.325,0.740,0.220
803,PASSED,0.058,0.734,0.650,0.659,0.727,0.450,8.855,0.677,0.290
804,REJECTED,0.072,0.659,0.635,0.700,0.700,0.342,34.539,0.600,0.390
805,REJECTED,0.058,0.675,0.652,0.765,0.765,0.387,26.493,0.638,0.394
806,REJECTED,0.058,0.689,0.635,0.391,0.630,0.478,21.040,0.677,0.230
807,PASSED,0.067,0.643,0.659,0.660,0.660,0.343,13.603,0.606,0.323
808,REJECTED,0.062,0.702,0.651,0.622,0.689,0.500,26.051,0.685,0.302
809,REJECTED,0.065,0.641,0.705,0.765,0.667,0.412,21.249,0.635,0.271
810,PASSED,0.070,0.755,0.695,0.711,0.711,0.518,0.329,0.694,0.360
811,REJECTED,0.083,0.687,0.678,0.622,0.733,0.426,29.731,0.663,0.260
812,PASSED,0.067,0.633,0.702,0.592,0.633,0.417,3.662,0.634,0.300
813,REJECTED,0.065,0.690,0.611,0.674,0.609,0.425,24.034,0.643,0.400
814,PASSED,0.059,0.648,0.662,0.765,0.647,0.358,7.260,0.618,0.320
815,REJECTED,0.058,0.654,0.655,0.788,0.692,0.315,25.589,0.607,0.350
816,PASSED,0.062,0.705,0.616,0.409,0.591,0.550,4.427,0.695,0.367
817,PASSED,0.069,0.640,0.617,0.647,0.686,0.313,8.032,0.596,0.540
818,REJECTED,0.067,0.652,0.702,0.653,0.633,0.490,20.890,0.664,0.560
819,PASSED,0.076,0.638,0.629,0.765,0.667,0.350,9.704,0.605,0.540
820,REJECTED,0.060,0.631,0.729,0.458,0.625,0.412,21.466,0.637,0.240
821,REJECTED,0.055,0.671,0.614,0.571,0.619,0.486,39.437,0.685,0.300
822,REJECTED,0.060,0.698,0.645,0.422,0.711,0.450,26.130,0.678,0.300
823,REJECTED,0.061,0.718,0.655,0.688,0.729,0.501,28.312,0.684,0.240
824,REJECTED,0.069,0.649,0.738,0.640,0.720,0.401,24.967,0.626,0.370
825,PASSED,0.068,0.625,0.676,0.558,0.654,0.306,1.825,0.585,0.610
826,PASSED,0.058,0.615,0.711,0.660,0.580,0.400,5.291,0.625,0.370
827,REJECTED,0.055,0.676,0.614,0.405,0.548,0.591,25.325,0.716,0.170
828,REJECTED,0.076,0.643,0.661,0.563,0.667,0.412,18.270,0.629,0.370
829,REJECTED,0.060,0.662,0.744,0.543,0.565,0.504,30.877,0.669,0.250
830,REJECTED,0.072,0.629,0.661,0.604,0.646,0.327,20.070,0.589,0.410
831,PASSED,0.058,0.699,0.644,0.750,0.688,0.460,8.315,0.669,0.400
832,REJECTED,0.074,0.594,0.708,0.672,0.741,0.282,10.019,0.562,0.273
833,PASSED,0.043,0.710,0.631,0.667,0.667,0.588,11.572,0.737,0.160
834,PASSED,0.073,0.717,0.652,0.478,0.717,0.472,11.531,0.665,0.270
835,PASSED,0.064,0.716,0.681,0.612,0.735,0.470,6.778,0.670,0.333
836,REJECTED,0.052,0.755,0.699,0.628,0.767,0.496,39.434,0.703,0.230
837,REJECTED,0.063,0.655,0.679,0.765,0.667,0.373,22.519,0.637,0.354
838,PASSED,0.069,0.701,0.648,0.745,0.830,0.375,10.445,0.648,0.200
839,REJECTED,0.058,0.683,0.674,0.714,0.524,0.548,36.219,0.704,0.200
840,REJECTED,0.061,0.620,0.646,0.750,0.615,0.411,18.579,0.628,0.270
841,REJECTED,0.079,0.662,0.644,0.673,0.782,0.304,22.972,0.574,0.460
842,REJECTED,0.060,0.742,0.706,0.409,0.682,0.453,22.478,0.675,0.150
843,REJECTED,0.076,0.688,0.676,0.731,0.846,0.270,2.135,0.574,0.820
844,PASSED,0.057,0.656,0.647,0.745,0.725,0.391,11.755,0.643,0.350
845,PASSED,0.047,0.683,0.627,0.636,0.591,0.675,14.248,0.741,0.174
846,REJECTED,0.061,0.643,0.675,0.592,0.673,0.422,19.979,0.635,0.370
847,REJECTED,0.056,0.724,0.661,0.729,0.771,0.498,34.798,0.684,0.320
848,REJECTED,0.056,0.714,0.690,0.558,0.721,0.569,16.806,0.725,0.220
849,REJECTED,0.065,0.649,0.665,0.692,0.750,0.392,48.641,0.631,0.530
850,PASSED,0.064,0.689,0.673,0.625,0.688,0.415,8.253,0.646,0.320
851,PASSED,0.058,0.659,0.743,0.889,0.741,0.348,6.052,0.605,0.570
852,PASSED,0.071,0.717,0.657,0.767,0.628,0.580,13.352,0.703,0.190
853,PASSED,0.065,0.679,0.663,0.633,0.694,0.449,2.227,0.661,0.370
854,PASSED,0.069,0.655,0.668,0.653,0.714,0.418,10.497,0.639,0.550
855,REJECTED,0.068,0.615,0.706,0.804,0.696,0.301,24.643,0.567,0.730
856,REJECTED,0.060,0.681,0.659,0.660,0.660,0.475,21.956,0.679,0.310
857,PASSED,0.069,0.654,0.661,0.727,0.782,0.311,8.962,0.596,1.020
858,PASSED,0.062,0.636,0.640,0.741,0.704,0.337,2.653,0.602,0.370
859,REJECTED,0.071,0.647,0.628,0.623,0.792,0.250,10.497,0.553,0.310
860,PASSED,0.066,0.695,0.631,0.698,0.581,0.540,3.823,0.698,0.740
861,REJECTED,0.068,0.694,0.771,0.698,0.755,0.345,22.921,0.603,0.557
862,PASSED,0.054,0.643,0.714,0.692,0.692,0.353,11.577,0.620,0.330
863,PASSED,0.051,0.733,0.664,0.659,0.750,0.604,2.345,0.736,0.430
864,PASSED,0.072,0.796,0.706,0.750,0.795,0.441,1.392,0.675,0.180
865,PASSED,0.083,0.744,0.644,0.700,0.840,0.434,6.051,0.647,0.263
866,PASSED,0.067,0.677,0.625,0.792,0.688,0.476,11.320,0.666,0.410
867,PASSED,0.061,0.616,0.661,0.521,0.667,0.303,11.476,0.596,0.670
868,REJECTED,0.062,0.675,0.613,0.600,0.622,0.489,20.292,0.674,0.300
869,REJECTED,0.064,0.701,0.627,0.766,0.681,0.459,37.139,0.675,1.070
870,PASSED,0.065,0.575,0.615,0.800,0.545,0.338,8.993,0.594,0.390
871,PASSED,0.051,0.657,0.652,0.796,0.714,0.440,3.627,0.665,0.240
872,PASSED,0.065,0.688,0.667,0.646,0.729,0.351,9.214,0.629,0.680
873,REJECTED,0.078,0.630,0.625,0.600,0.764,0.272,29.756,0.561,0.730
874,PASSED,0.068,0.593,0.589,0.566,0.679,0.329,10.422,0.592,0.310
875,REJECTED,0.059,0.722,0.673,0.771,0.729,0.482,18.745,0.683,0.510
876,PASSED,0.070,0.640,0.687,0.558,0.673,0.398,1.956,0.621,0.450
877,PASSED,0.068,0.705,0.702,0.511,0.702,0.455,13.089,0.663,0.327
878,REJECTED,0.054,0.623,0.640,0.759,0.667,0.332,39.586,0.601,0.360
879,REJECTED,0.069,0.618,0.627,0.772,0.684,0.314,21.701,0.574,0.470
880,PASSED,0.060,0.595,0.661,0.750,0.604,0.369,0.390,0.619,0.290
881,REJECTED,0.071,0.607,0.717,0.774,0.736,0.292,5.414,0.576,0.530
882,REJECTED,0.067,0.624,0.715,0.655,0.618,0.408,22.801,0.609,0.470
883,REJECTED,0.071,0.696,0.684,0.755,0.792,0.325,29.709,0.600,0.444
884,PASSED,0.059,0.707,0.651,0.667,0.667,0.467,5.718,0.672,0.390
885,PASSED,0.062,0.699,0.631,0.585,0.561,0.605,5.899,0.714,0.250
886,PASSED,0.073,0.616,0.717,0.717,0.679,0.382,11.282,0.609,0.330
887,REJECTED,0.064,0.700,0.770,0.674,0.652,0.490,25.005,0.672,0.300
888,REJECTED,0.065,0.661,0.713,0.686,0.608,0.387,44.597,0.605,0.290
889,PASSED,0.060,0.631,0.753,0.574,0.489,0.593,4.624,0.681,0.230
890,PASSED,0.049,0.799,0.602,0.683,0.780,0.611,8.915,0.749,0.180
891,REJECTED,0.051,0.620,0.655,0.729,0.563,0.503,30.149,0.678,0.480
892,REJECTED,0.053,0.668,0.671,0.674,0.565,0.528,31.921,0.679,0.360
893,PASSED,0.067,0.702,0.702,0.587,0.696,0.487,2.678,0.672,0.400
894,PASSED,0.063,0.705,0.664,0.778,0.667,0.576,13.994,0.712,0.350
895,PASSED,0.060,0.732,0.658,0.500,0.690,0.560,6.022,0.714,0.230
896,PASSED,0.061,0.770,0.608,0.619,0.738,0.558,5.599,0.722,0.270
897,REJECTED,0.077,0.686,0.700,0.821,0.750,0.310,42.024,0.583,0.510
898,REJECTED,0.051,0.701,0.664,0.511,0.689,0.497,32.707,0.686,0.360
899,PASSED,0.055,0.584,0.694,0.654,0.596,0.369,1.727,0.610,0.340
900,REJECTED,0.062,0.677,0.645,0.711,0.600,0.442,27.554,0.657,0.330
901,PASSED,0.063,0.761,0.740,0.545,0.727,0.555,3.012,0.710,0.390
902,PASSED,0.062,0.645,0.640,0.755,0.736,0.354,10.261,0.609,0.230
903,PASSED,0.073,0.645,0.733,0.821,0.804,0.305,8.161,0.583,0.280
904,REJECTED,0.056,0.702,0.672,0.488,0.605,0.614,32.312,0.724,0.320
905,PASSED,0.053,0.718,0.572,0.524,0.643,0.591,9.582,0.726,0.260
906,REJECTED,0.054,0.644,0.671,0.659,0.568,0.531,17.482,0.701,0.360
907,PASSED,0.073,0.640,0.676,0.788,0.731,0.326,6.359,0.591,0.280
908,REJECTED,0.057,0.764,0.664,0.533,0.822,0.434,34.144,0.681,0.290
909,REJECTED,0.060,0.758,0.665,0.605,0.744,0.513,18.434,0.714,0.200
910,PASSED,0.069,0.698,0.710,0.625,0.750,0.415,3.432,0.656,0.300
911,REJECTED,0.069,0.662,0.682,0.833,0.759,0.324,22.311,0.595,0.370
912,REJECTED,0.067,0.578,0.632,0.741,0.611,0.334,34.985,0.583,0.490
913,PASSED,0.065,0.667,0.644,0.625,0.604,0.512,2.922,0.677,0.490
914,PASSED,0.059,0.637,0.719,0.771,0.583,0.473,11.368,0.669,0.310
915,PASSED,0.059,0.653,0.727,0.568,0.545,0.464,4.536,0.669,0.430
916,REJECTED,0.063,0.676,0.683,0.700,0.720,0.373,16.849,0.629,0.250
917,REJECTED,0.075,0.706,0.704,0.680,0.760,0.459,33.878,0.662,0.430
918,REJECTED,0.065,0.610,0.738,0.490,0.667,0.350,20.757,0.607,0.400
919,PASSED,0.069,0.728,0.638,0.614,0.659,0.550,1.272,0.698,0.270
920,PASSED,0.056,0.771,0.619,0.762,0.762,0.531,11.537,0.723,0.200
921,REJECTED,0.069,0.657,0.676,0.722,0.667,0.400,18.270,0.619,0.490
922,PASSED,0.062,0.722,0.625,0.476,0.690,0.557,5.776,0.719,0.170
923,REJECTED,0.047,0.734,0.658,0.595,0.619,0.617,20.205,0.731,0.140
924,PASSED,0.057,0.745,0.644,0.500,0.714,0.608,13.080,0.728,0.200
925,REJECTED,0.057,0.656,0.748,0.560,0.760,0.327,15.229,0.612,0.440
926,PASSED,0.068,0.650,0.687,0.846,0.654,0.346,2.417,0.590,0.450
927,PASSED,0.080,0.729,0.719,0.708,0.750,0.428,3.669,0.648,0.440
928,PASSED,0.067,0.650,0.702,0.457,0.630,0.583,9.600,0.701,0.410
929,REJECTED,0.060,0.629,0.656,0.789,0.754,0.263,9.640,0.574,0.290
930,REJECTED,0.054,0.597,0.617,0.706,0.667,0.321,15.250,0.608,0.260
931,PASSED,0.057,0.771,0.600,0.674,0.767,0.531,6.228,0.722,0.240
932,PASSED,0.048,0.753,0.644,0.744,0.674,0.602,9.623,0.737,0.320
933,PASSED,0.060,0.633,0.686,0.674,0.543,0.482,12.410,0.673,0.380
934,PASSED,0.064,0.655,0.694,0.804,0.679,0.308,0.461,0.579,0.800
935,REJECTED,0.064,0.746,0.666,0.476,0.690,0.564,16.318,0.713,0.260
936,PASSED,0.071,0.658,0.660,0.842,0.754,0.308,10.007,0.595,0.710
937,PASSED,0.066,0.705,0.648,0.532,0.766,0.494,1.489,0.677,0.250
938,REJECTED,0.060,0.662,0.677,0.680,0.680,0.423,23.773,0.636,0.290
939,REJECTED,0.071,0.685,0.646,0.633,0.776,0.372,33.579,0.630,0.390
940,PASSED,0.064,0.792,0.658,0.476,0.786,0.530,11.926,0.716,0.180
941,PASSED,0.075,0.726,0.635,0.761,0.717,0.439,10.404,0.659,0.430
942,REJECTED,0.058,0.735,0.690,0.744,0.698,0.556,15.516,0.715,0.200
943,PASSED,0.062,0.685,0.589,0.673,0.735,0.337,3.981,0.627,0.310
944,REJECTED,0.050,0.615,0.671,0.640,0.620,0.399,40.103,0.632,0.670
945,REJECTED,0.079,0.638,0.640,0.774,0.679,0.313,19.962,0.574,0.660
946,REJECTED,0.059,0.698,0.605,0.605,0.581,0.591,22.553,0.712,0.240
947,REJECTED,0.077,0.611,0.671,0.722,0.685,0.308,20.798,0.583,0.330
948,REJECTED,0.065,0.734,0.652,0.630,0.783,0.457,20.223,0.680,0.300
949,PASSED,0.058,0.683,0.620,0.708,0.771,0.344,7.752,0.626,0.434
950,PASSED,0.065,0.670,0.656,0.727,0.764,0.301,6.124,0.594,0.300
951,PASSED,0.070,0.656,0.637,0.714,0.735,0.347,13.975,0.606,0.470
952,REJECTED,0.065,0.627,0.652,0.789,0.719,0.284,23.140,0.572,0.560
953,REJECTED,0.051,0.713,0.635,0.435,0.717,0.447,39.006,0.668,0.240
954,REJECTED,0.075,0.776,0.610,0.558,0.744,0.528,35.310,0.697,0.260
955,PASSED,0.068,0.661,0.685,0.686,0.725,0.393,13.998,0.629,0.378
956,PASSED,0.055,0.626,0.639,0.667,0.646,0.375,4.544,0.634,0.440
957,PASSED,0.060,0.704,0.740,0.455,0.591,0.557,4.968,0.700,0.430
958,REJECTED,0.071,0.611,0.649,0.736,0.660,0.389,21.664,0.617,0.500
959,REJECTED,0.065,0.659,0.640,0.764,0.691,0.370,17.558,0.617,0.650
960,REJECTED,0.073,0.717,0.686,0.622,0.711,0.534,24.064,0.694,0.230
961,REJECTED,0.057,0.698,0.650,0.465,0.651,0.474,20.957,0.685,0.210
962,PASSED,0.067,0.569,0.735,0.833,0.537,0.365,5.032,0.590,0.250
963,REJECTED,0.067,0.687,0.657,0.600,0.667,0.487,17.570,0.678,0.290
964,REJECTED,0.058,0.677,0.633,0.692,0.769,0.313,17.891,0.603,0.400
965,PASSED,0.057,0.677,0.680,0.563,0.646,0.468,11.009,0.667,0.300
966,REJECTED,0.052,0.564,0.632,0.673,0.618,0.281,0.152,0.597,0.510
967,PASSED,0.067,0.641,0.671,0.796,0.685,0.332,7.108,0.599,0.370
968,PASSED,0.077,0.699,0.622,0.574,0.745,0.386,4.923,0.650,0.266
969,PASSED,0.080,0.692,0.729,0.729,0.667,0.427,0.951,0.639,0.510
970,PASSED,0.053,0.712,0.658,0.565,0.674,0.596,14.227,0.722,0.220
971,PASSED,0.067,0.718,0.753,0.596,0.809,0.432,6.439,0.675,0.420
972,PASSED,0.069,0.664,0.650,0.577,0.712,0.325,2.408,0.607,0.380
973,REJECTED,0.067,0.682,0.719,0.551,0.694,0.451,18.590,0.663,0.438
974,REJECTED,0.072,0.688,0.649,0.667,0.646,0.438,28.286,0.651,0.224
975,PASSED,0.061,0.694,0.589,0.548,0.548,0.574,13.371,0.709,0.340
976,REJECTED,0.063,0.643,0.689,0.600,0.640,0.500,30.570,0.648,0.380
977,REJECTED,0.066,0.619,0.665,0.782,0.673,0.376,32.094,0.616,0.270
978,REJECTED,0.054,0.704,0.710,0.771,0.688,0.497,27.027,0.684,0.290
979,PASSED,0.062,0.657,0.653,0.755,0.679,0.372,9.870,0.627,0.390
980,PASSED,0.065,0.671,0.608,0.533,0.600,0.571,12.008,0.702,0.290
981,REJECTED,0.058,0.655,0.694,0.587,0.565,0.507,29.393,0.671,0.310
982,PASSED,0.070,0.743,0.657,0.545,0.682,0.517,1.531,0.697,0.220
983,REJECTED,0.083,0.589,0.753,0.772,0.649,0.243,11.267,0.549,0.970
984,PASSED,0.057,0.728,0.613,0.745,0.702,0.442,6.049,0.671,0.240
985,REJECTED,0.061,0.615,0.667,0.784,0.647,0.423,29.046,0.629,0.420
986,REJECTED,0.072,0.688,0.712,0.630,0.722,0.298,36.098,0.582,0.330
987,PASSED,0.067,0.637,0.661,0.750,0.583,0.379,6.270,0.630,0.410
988,REJECTED,0.067,0.608,0.717,0.800,0.683,0.300,11.523,0.553,0.590
989,REJECTED,0.057,0.716,0.618,0.574,0.702,0.445,22.319,0.672,0.310
990,PASSED,0.059,0.640,0.654,0.620,0.620,0.491,2.986,0.664,0.390
991,PASSED,0.060,0.739,0.658,0.381,0.619,0.584,13.830,0.716,0.220
992,REJECTED,0.061,0.640,0.689,0.680,0.640,0.350,27.557,0.608,0.330
993,PASSED,0.067,0.671,0.664,0.848,0.543,0.487,3.095,0.659,0.320
994,REJECTED,0.064,0.683,0.719,0.648,0.759,0.316,22.570,0.595,0.400
995,PASSED,0.057,0.707,0.674,0.476,0.643,0.557,0.718,0.716,0.210
996,PASSED,0.076,0.716,0.695,0.578,0.733,0.538,10.145,0.695,0.200
997,PASSED,0.059,0.681,0.632,0.636,0.523,0.569,10.943,0.697,0.450
998,PASSED,0.067,0.729,0.649,0.625,0.833,0.334,5.374,0.635,0.240
999,PASSED,0.052,0.696,0.702,0.500,0.761,0.462,1.209,0.684,0.370
1000,PASSED,0.063,0.674,0.712,0.696,0.609,0.482,10.449,0.671,0.160
